,schedule_date,schedule_season,schedule_week,team_x,score,opponent_score,margin,home_team,id,date,game_number,team_y,passing_yards,rushing_yards
0,2016-09-08,2016,1,CAR,20.0,21.0,-1.0,DEN,CAR2016-09-08,2016-09-08,1,CAR,194,157
1,2016-09-08,2016,1,DEN,21.0,20.0,1.0,DEN,DEN2016-09-08,2016-09-08,1,DEN,178,148
2,2016-09-11,2016,1,ARI,21.0,23.0,-2.0,ARI,ARI2016-09-11,2016-09-11,1,ARI,271,92
3,2016-09-11,2016,1,ATL,24.0,31.0,-7.0,ATL,ATL2016-09-11,2016-09-11,1,ATL,334,52
4,2016-09-11,2016,1,BAL,13.0,7.0,6.0,BAL,BAL2016-09-11,2016-09-11,1,BAL,258,83
5,2016-09-11,2016,1,BUF,7.0,13.0,-6.0,BAL,BUF2016-09-11,2016-09-11,1,BUF,111,65
6,2016-09-11,2016,1,CHI,14.0,23.0,-9.0,HOU,CHI2016-09-11,2016-09-11,1,CHI,216,73
7,2016-09-11,2016,1,CIN,23.0,22.0,1.0,NYJ,CIN2016-09-11,2016-09-11,1,CIN,366,57
8,2016-09-11,2016,1,CLE,10.0,29.0,-19.0,PHI,CLE2016-09-11,2016-09-11,1,CLE,190,120
9,2016-09-11,2016,1,DAL,19.0,20.0,-1.0,DAL,DAL2016-09-11,2016-09-11,1,DAL,227,101
10,2016-09-11,2016,1,DET,39.0,35.0,4.0,IND,DET2016-09-11,2016-09-11,1,DET,340,116
11,2016-09-11,2016,1,GB,27.0,23.0,4.0,JAX,GB2016-09-11,2016-09-11,1,GB,199,95
12,2016-09-11,2016,1,HOU,23.0,14.0,9.0,HOU,HOU2016-09-11,2016-09-11,1,HOU,231,129
13,2016-09-11,2016,1,IND,35.0,39.0,-4.0,IND,IND2016-09-11,2016-09-11,1,IND,385,82
14,2016-09-11,2016,1,JAX,23.0,27.0,-4.0,JAX,JAX2016-09-11,2016-09-11,1,JAX,320,48
15,2016-09-11,2016,1,KC,33.0,27.0,6.0,KC,KC2016-09-11,2016-09-11,1,KC,363,83
16,2016-09-11,2016,1,MIA,10.0,12.0,-2.0,SEA,MIA2016-09-11,2016-09-11,1,MIA,186,64
17,2016-09-11,2016,1,MIN,25.0,16.0,9.0,TEN,MIN2016-09-11,2016-09-11,1,MIN,236,65
18,2016-09-11,2016,1,NE,23.0,21.0,2.0,ARI,NE2016-09-11,2016-09-11,1,NE,264,106
19,2016-09-11,2016,1,NO,34.0,35.0,-1.0,NO,NO2016-09-11,2016-09-11,1,NO,423,88
20,2016-09-11,2016,1,NYG,20.0,19.0,1.0,DAL,NYG2016-09-11,2016-09-11,1,NYG,207,113
21,2016-09-11,2016,1,NYJ,22.0,23.0,-1.0,NYJ,NYJ2016-09-11,2016-09-11,1,NYJ,189,152
22,2016-09-11,2016,1,OAK,35.0,34.0,1.0,NO,OAK2016-09-11,2016-09-11,1,OAK,319,167
23,2016-09-11,2016,1,PHI,29.0,10.0,19.0,PHI,PHI2016-09-11,2016-09-11,1,PHI,278,133
24,2016-09-11,2016,1,SDG,27.0,33.0,-6.0,KC,SDG2016-09-11,2016-09-11,1,SDG,243,155
25,2016-09-11,2016,1,SEA,12.0,10.0,2.0,SEA,SEA2016-09-11,2016-09-11,1,SEA,258,112
26,2016-09-11,2016,1,TB,31.0,24.0,7.0,ATL,TB2016-09-11,2016-09-11,1,TB,281,90
27,2016-09-11,2016,1,TEN,16.0,25.0,-9.0,TEN,TEN2016-09-11,2016-09-11,1,TEN,271,64
28,2016-09-12,2016,1,LAR,0.0,28.0,-28.0,SF,LAR2016-09-12,2016-09-12,1,LAR,130,65
29,2016-09-12,2016,1,PIT,38.0,16.0,22.0,WAS,PIT2016-09-12,2016-09-12,1,PIT,300,147
30,2016-09-12,2016,1,SF,28.0,0.0,28.0,SF,SF2016-09-12,2016-09-12,1,SF,170,150
31,2016-09-12,2016,1,WAS,16.0,38.0,-22.0,WAS,WAS2016-09-12,2016-09-12,1,WAS,329,55
32,2016-09-15,2016,2,BUF,31.0,37.0,-6.0,BUF,BUF2016-09-15,2016-09-15,2,BUF,307,86
33,2016-09-15,2016,2,NYJ,37.0,31.0,6.0,BUF,NYJ2016-09-15,2016-09-15,2,NYJ,374,123
34,2016-09-18,2016,2,ARI,40.0,7.0,33.0,ARI,ARI2016-09-18,2016-09-18,2,ARI,315,105
35,2016-09-18,2016,2,ATL,35.0,28.0,7.0,OAK,ATL2016-09-18,2016-09-18,2,ATL,396,139
36,2016-09-18,2016,2,BAL,25.0,20.0,5.0,CLE,BAL2016-09-18,2016-09-18,2,BAL,302,80
37,2016-09-18,2016,2,CAR,46.0,27.0,19.0,CAR,CAR2016-09-18,2016-09-18,2,CAR,353,176
38,2016-09-18,2016,2,CIN,16.0,24.0,-8.0,PIT,CIN2016-09-18,2016-09-18,2,CIN,366,46
39,2016-09-18,2016,2,CLE,20.0,25.0,-5.0,CLE,CLE2016-09-18,2016-09-18,2,CLE,260,145
40,2016-09-18,2016,2,DAL,27.0,23.0,4.0,WAS,DAL2016-09-18,2016-09-18,2,DAL,292,102
41,2016-09-18,2016,2,DEN,34.0,20.0,14.0,DEN,DEN2016-09-18,2016-09-18,2,DEN,266,134
42,2016-09-18,2016,2,DET,15.0,16.0,-1.0,DET,DET2016-09-18,2016-09-18,2,DET,260,137
43,2016-09-18,2016,2,GB,14.0,17.0,-3.0,MIN,GB2016-09-18,2016-09-18,2,GB,213,83
44,2016-09-18,2016,2,HOU,19.0,12.0,7.0,HOU,HOU2016-09-18,2016-09-18,2,HOU,268,97
45,2016-09-18,2016,2,IND,20.0,34.0,-14.0,DEN,IND2016-09-18,2016-09-18,2,IND,197,83
46,2016-09-18,2016,2,JAX,14.0,38.0,-24.0,SDG,JAX2016-09-18,2016-09-18,2,JAX,329,69
47,2016-09-18,2016,2,KC,12.0,19.0,-7.0,HOU,KC2016-09-18,2016-09-18,2,KC,186,119
48,2016-09-18,2016,2,LAR,9.0,3.0,6.0,LAR,LAR2016-09-18,2016-09-18,2,LAR,239,64
49,2016-09-18,2016,2,MIA,24.0,31.0,-7.0,NE,MIA2016-09-18,2016-09-18,2,MIA,387,70
50,2016-09-18,2016,2,MIN,17.0,14.0,3.0,MIN,MIN2016-09-18,2016-09-18,2,MIN,286,30
51,2016-09-18,2016,2,NE,31.0,24.0,7.0,NE,NE2016-09-18,2016-09-18,2,NE,324,161
52,2016-09-18,2016,2,NO,13.0,16.0,-3.0,NYG,NO2016-09-18,2016-09-18,2,NO,263,41
53,2016-09-18,2016,2,NYG,16.0,13.0,3.0,NYG,NYG2016-09-18,2016-09-18,2,NYG,368,64
54,2016-09-18,2016,2,OAK,28.0,35.0,-7.0,OAK,OAK2016-09-18,2016-09-18,2,OAK,299,155
55,2016-09-18,2016,2,PIT,24.0,16.0,8.0,PIT,PIT2016-09-18,2016-09-18,2,PIT,259,124
56,2016-09-18,2016,2,SDG,38.0,14.0,24.0,SDG,SDG2016-09-18,2016-09-18,2,SDG,220,150
57,2016-09-18,2016,2,SEA,3.0,9.0,-6.0,LAR,SEA2016-09-18,2016-09-18,2,SEA,254,67
58,2016-09-18,2016,2,SF,27.0,46.0,-19.0,CAR,SF2016-09-18,2016-09-18,2,SF,243,65
59,2016-09-18,2016,2,TB,7.0,40.0,-33.0,ARI,TB2016-09-18,2016-09-18,2,TB,243,85
60,2016-09-18,2016,2,TEN,16.0,15.0,1.0,DET,TEN2016-09-18,2016-09-18,2,TEN,238,139
61,2016-09-18,2016,2,WAS,23.0,27.0,-4.0,WAS,WAS2016-09-18,2016-09-18,2,WAS,364,82
62,2016-09-19,2016,2,CHI,14.0,29.0,-15.0,CHI,CHI2016-09-19,2016-09-19,2,CHI,235,64
63,2016-09-19,2016,2,PHI,29.0,14.0,15.0,CHI,PHI2016-09-19,2016-09-19,2,PHI,190,100
64,2016-09-22,2016,3,HOU,0.0,27.0,-27.0,NE,HOU2016-09-22,2016-09-22,3,HOU,196,109
65,2016-09-22,2016,3,NE,27.0,0.0,27.0,NE,NE2016-09-22,2016-09-22,3,NE,103,185
66,2016-09-25,2016,3,ARI,18.0,33.0,-15.0,BUF,ARI2016-09-25,2016-09-25,3,ARI,287,88
67,2016-09-25,2016,3,BAL,19.0,17.0,2.0,JAX,BAL2016-09-25,2016-09-25,3,BAL,214,84
68,2016-09-25,2016,3,BUF,33.0,18.0,15.0,BUF,BUF2016-09-25,2016-09-25,3,BUF,119,208
69,2016-09-25,2016,3,CAR,10.0,22.0,-12.0,CAR,CAR2016-09-25,2016-09-25,3,CAR,265,105
70,2016-09-25,2016,3,CHI,17.0,31.0,-14.0,DAL,CHI2016-09-25,2016-09-25,3,CHI,317,78
71,2016-09-25,2016,3,CIN,17.0,29.0,-12.0,CIN,CIN2016-09-25,2016-09-25,3,CIN,206,143
72,2016-09-25,2016,3,CLE,24.0,30.0,-6.0,MIA,CLE2016-09-25,2016-09-25,3,CLE,279,169
73,2016-09-25,2016,3,DAL,31.0,17.0,14.0,DAL,DAL2016-09-25,2016-09-25,3,DAL,248,199
74,2016-09-25,2016,3,DEN,29.0,17.0,12.0,CIN,DEN2016-09-25,2016-09-25,3,DEN,312,52
75,2016-09-25,2016,3,DET,27.0,34.0,-7.0,GB,DET2016-09-25,2016-09-25,3,DET,385,50
76,2016-09-25,2016,3,GB,34.0,27.0,7.0,GB,GB2016-09-25,2016-09-25,3,GB,205,123
77,2016-09-25,2016,3,IND,26.0,22.0,4.0,IND,IND2016-09-25,2016-09-25,3,IND,331,93
78,2016-09-25,2016,3,JAX,17.0,19.0,-2.0,JAX,JAX2016-09-25,2016-09-25,3,JAX,194,48
79,2016-09-25,2016,3,KC,24.0,3.0,21.0,KC,KC2016-09-25,2016-09-25,3,KC,237,72
80,2016-09-25,2016,3,LAR,37.0,32.0,5.0,TB,LAR2016-09-25,2016-09-25,3,LAR,190,137
81,2016-09-25,2016,3,MIA,30.0,24.0,6.0,MIA,MIA2016-09-25,2016-09-25,3,MIA,319,115
82,2016-09-25,2016,3,MIN,22.0,10.0,12.0,CAR,MIN2016-09-25,2016-09-25,3,MIN,171,58
83,2016-09-25,2016,3,NYG,27.0,29.0,-2.0,NYG,NYG2016-09-25,2016-09-25,3,NYG,350,120
84,2016-09-25,2016,3,NYJ,3.0,24.0,-21.0,KC,NYJ2016-09-25,2016-09-25,3,NYJ,188,117
85,2016-09-25,2016,3,OAK,17.0,10.0,7.0,TEN,OAK2016-09-25,2016-09-25,3,OAK,249,123
86,2016-09-25,2016,3,PHI,34.0,3.0,31.0,PHI,PHI2016-09-25,2016-09-25,3,PHI,301,125
87,2016-09-25,2016,3,PIT,3.0,34.0,-31.0,PHI,PIT2016-09-25,2016-09-25,3,PIT,257,29
88,2016-09-25,2016,3,SDG,22.0,26.0,-4.0,IND,SDG2016-09-25,2016-09-25,3,SDG,326,37
89,2016-09-25,2016,3,SEA,37.0,18.0,19.0,SEA,SEA2016-09-25,2016-09-25,3,SEA,308,127
90,2016-09-25,2016,3,SF,18.0,37.0,-19.0,SEA,SF2016-09-25,2016-09-25,3,SF,119,135
91,2016-09-25,2016,3,TB,32.0,37.0,-5.0,TB,TB2016-09-25,2016-09-25,3,TB,405,83
92,2016-09-25,2016,3,TEN,10.0,17.0,-7.0,TEN,TEN2016-09-25,2016-09-25,3,TEN,214,181
93,2016-09-25,2016,3,WAS,29.0,27.0,2.0,NYG,WAS2016-09-25,2016-09-25,3,WAS,327,90
94,2016-09-26,2016,3,ATL,45.0,32.0,13.0,NO,ATL2016-09-26,2016-09-26,3,ATL,240,217
95,2016-09-26,2016,3,NO,32.0,45.0,-13.0,NO,NO2016-09-26,2016-09-26,3,NO,376,115
96,2016-09-29,2016,4,CIN,22.0,7.0,15.0,CIN,CIN2016-09-29,2016-09-29,4,CIN,296,77
97,2016-09-29,2016,4,MIA,7.0,22.0,-15.0,CIN,MIA2016-09-29,2016-09-29,4,MIA,189,62
98,2016-10-02,2016,4,ARI,13.0,17.0,-4.0,ARI,ARI2016-10-02,2016-10-02,4,ARI,325,118
99,2016-10-02,2016,4,ATL,48.0,33.0,15.0,ATL,ATL2016-10-02,2016-10-02,4,ATL,503,90
100,2016-10-02,2016,4,BAL,27.0,28.0,-1.0,BAL,BAL2016-10-02,2016-10-02,4,BAL,298,130
101,2016-10-02,2016,4,BUF,16.0,0.0,16.0,NE,BUF2016-10-02,2016-10-02,4,BUF,246,134
102,2016-10-02,2016,4,CAR,33.0,48.0,-15.0,ATL,CAR2016-10-02,2016-10-02,4,CAR,337,49
103,2016-10-02,2016,4,CHI,17.0,14.0,3.0,CHI,CHI2016-10-02,2016-10-02,4,CHI,302,114
104,2016-10-02,2016,4,CLE,20.0,31.0,-11.0,WAS,CLE2016-10-02,2016-10-02,4,CLE,223,163
105,2016-10-02,2016,4,DAL,24.0,17.0,7.0,SF,DAL2016-10-02,2016-10-02,4,DAL,245,194
106,2016-10-02,2016,4,DEN,27.0,7.0,20.0,TB,DEN2016-10-02,2016-10-02,4,DEN,238,89
107,2016-10-02,2016,4,DET,14.0,17.0,-3.0,CHI,DET2016-10-02,2016-10-02,4,DET,213,66
108,2016-10-02,2016,4,HOU,27.0,20.0,7.0,HOU,HOU2016-10-02,2016-10-02,4,HOU,254,115
109,2016-10-02,2016,4,IND,27.0,30.0,-3.0,JAX,IND2016-10-02,2016-10-02,4,IND,234,94
110,2016-10-02,2016,4,JAX,30.0,27.0,3.0,JAX,JAX2016-10-02,2016-10-02,4,JAX,207,136
111,2016-10-02,2016,4,KC,14.0,43.0,-29.0,PIT,KC2016-10-02,2016-10-02,4,KC,287,87
112,2016-10-02,2016,4,LAR,17.0,13.0,4.0,ARI,LAR2016-10-02,2016-10-02,4,LAR,266,41
113,2016-10-02,2016,4,NE,0.0,16.0,-16.0,NE,NE2016-10-02,2016-10-02,4,NE,205,90
114,2016-10-02,2016,4,NO,35.0,34.0,1.0,SDG,NO2016-10-02,2016-10-02,4,NO,207,83
115,2016-10-02,2016,4,NYJ,17.0,27.0,-10.0,NYJ,NYJ2016-10-02,2016-10-02,4,NYJ,261,58
116,2016-10-02,2016,4,OAK,28.0,27.0,1.0,BAL,OAK2016-10-02,2016-10-02,4,OAK,199,62
117,2016-10-02,2016,4,PIT,43.0,14.0,29.0,PIT,PIT2016-10-02,2016-10-02,4,PIT,300,149
118,2016-10-02,2016,4,SDG,34.0,35.0,-1.0,SDG,SDG2016-10-02,2016-10-02,4,SDG,321,38
119,2016-10-02,2016,4,SEA,27.0,17.0,10.0,NYJ,SEA2016-10-02,2016-10-02,4,SEA,309,66
120,2016-10-02,2016,4,SF,17.0,24.0,-7.0,SF,SF2016-10-02,2016-10-02,4,SF,196,106
121,2016-10-02,2016,4,TB,7.0,27.0,-20.0,TB,TB2016-10-02,2016-10-02,4,TB,179,72
122,2016-10-02,2016,4,TEN,20.0,27.0,-7.0,HOU,TEN2016-10-02,2016-10-02,4,TEN,202,124
123,2016-10-02,2016,4,WAS,31.0,20.0,11.0,WAS,WAS2016-10-02,2016-10-02,4,WAS,183,145
124,2016-10-03,2016,4,MIN,24.0,10.0,14.0,MIN,MIN2016-10-03,2016-10-03,4,MIN,262,104
125,2016-10-03,2016,4,NYG,10.0,24.0,-14.0,MIN,NYG2016-10-03,2016-10-03,4,NYG,261,78
126,2016-10-06,2016,5,ARI,33.0,21.0,12.0,SF,ARI2016-10-06,2016-10-06,5,ARI,124,172
127,2016-10-06,2016,5,SF,21.0,33.0,-12.0,SF,SF2016-10-06,2016-10-06,5,SF,162,151
128,2016-10-09,2016,5,ATL,23.0,16.0,7.0,DEN,ATL2016-10-09,2016-10-09,5,ATL,267,122
129,2016-10-09,2016,5,BAL,10.0,16.0,-6.0,BAL,BAL2016-10-09,2016-10-09,5,BAL,210,118
130,2016-10-09,2016,5,BUF,30.0,19.0,11.0,LAR,BUF2016-10-09,2016-10-09,5,BUF,124,193
131,2016-10-09,2016,5,CHI,23.0,29.0,-6.0,IND,CHI2016-10-09,2016-10-09,5,CHI,397,125
132,2016-10-09,2016,5,CIN,14.0,28.0,-14.0,DAL,CIN2016-10-09,2016-10-09,5,CIN,269,96
133,2016-10-09,2016,5,CLE,13.0,33.0,-20.0,CLE,CLE2016-10-09,2016-10-09,5,CLE,249,27
134,2016-10-09,2016,5,DAL,28.0,14.0,14.0,DAL,DAL2016-10-09,2016-10-09,5,DAL,227,180
135,2016-10-09,2016,5,DEN,16.0,23.0,-7.0,DEN,DEN2016-10-09,2016-10-09,5,DEN,223,84
136,2016-10-09,2016,5,DET,24.0,23.0,1.0,DET,DET2016-10-09,2016-10-09,5,DET,180,80
137,2016-10-09,2016,5,GB,23.0,16.0,7.0,GB,GB2016-10-09,2016-10-09,4,GB,259,147
138,2016-10-09,2016,5,HOU,13.0,31.0,-18.0,MIN,HOU2016-10-09,2016-10-09,5,HOU,184,59
139,2016-10-09,2016,5,IND,29.0,23.0,6.0,IND,IND2016-10-09,2016-10-09,5,IND,322,98
140,2016-10-09,2016,5,LAR,19.0,30.0,-11.0,LAR,LAR2016-10-09,2016-10-09,5,LAR,271,102
141,2016-10-09,2016,5,MIA,17.0,30.0,-13.0,MIA,MIA2016-10-09,2016-10-09,5,MIA,191,51
142,2016-10-09,2016,5,MIN,31.0,13.0,18.0,MIN,MIN2016-10-09,2016-10-09,5,MIN,271,96
143,2016-10-09,2016,5,NE,33.0,13.0,20.0,CLE,NE2016-10-09,2016-10-09,5,NE,406,98
144,2016-10-09,2016,5,NYG,16.0,23.0,-7.0,GB,NYG2016-10-09,2016-10-09,5,NYG,199,43
145,2016-10-09,2016,5,NYJ,13.0,31.0,-18.0,PIT,NYJ2016-10-09,2016-10-09,5,NYJ,255,72
146,2016-10-09,2016,5,OAK,34.0,31.0,3.0,OAK,OAK2016-10-09,2016-10-09,5,OAK,317,89
147,2016-10-09,2016,5,PHI,23.0,24.0,-1.0,DET,PHI2016-10-09,2016-10-09,4,PHI,238,116
148,2016-10-09,2016,5,PIT,31.0,13.0,18.0,PIT,PIT2016-10-09,2016-10-09,5,PIT,380,61
149,2016-10-09,2016,5,SDG,31.0,34.0,-3.0,OAK,SDG2016-10-09,2016-10-09,5,SDG,359,72
150,2016-10-09,2016,5,TEN,30.0,17.0,13.0,MIA,TEN2016-10-09,2016-10-09,5,TEN,163,235
151,2016-10-09,2016,5,WAS,16.0,10.0,6.0,BAL,WAS2016-10-09,2016-10-09,5,WAS,260,60
152,2016-10-10,2016,5,CAR,14.0,17.0,-3.0,CAR,CAR2016-10-10,2016-10-10,5,CAR,278,136
153,2016-10-10,2016,5,TB,17.0,14.0,3.0,CAR,TB2016-10-10,2016-10-10,5,TB,219,113
154,2016-10-13,2016,6,DEN,13.0,21.0,-8.0,SDG,DEN2016-10-13,2016-10-13,6,DEN,230,84
155,2016-10-13,2016,6,SDG,21.0,13.0,8.0,SDG,SDG2016-10-13,2016-10-13,6,SDG,178,99
156,2016-10-16,2016,6,ATL,24.0,26.0,-2.0,SEA,ATL2016-10-16,2016-10-16,6,ATL,335,52
157,2016-10-16,2016,6,BAL,23.0,27.0,-4.0,NYG,BAL2016-10-16,2016-10-16,6,BAL,307,98
158,2016-10-16,2016,6,BUF,45.0,16.0,29.0,BUF,BUF2016-10-16,2016-10-16,6,BUF,179,313
159,2016-10-16,2016,6,CAR,38.0,41.0,-3.0,NO,CAR2016-10-16,2016-10-16,6,CAR,322,103
160,2016-10-16,2016,6,CHI,16.0,17.0,-1.0,CHI,CHI2016-10-16,2016-10-16,6,CHI,302,92
161,2016-10-16,2016,6,CIN,17.0,35.0,-18.0,NE,CIN2016-10-16,2016-10-16,6,CIN,254,120
162,2016-10-16,2016,6,CLE,26.0,28.0,-2.0,TEN,CLE2016-10-16,2016-10-16,6,CLE,337,40
163,2016-10-16,2016,6,DAL,30.0,16.0,14.0,GB,DAL2016-10-16,2016-10-16,6,DAL,247,191
164,2016-10-16,2016,6,DET,31.0,28.0,3.0,DET,DET2016-10-16,2016-10-16,6,DET,270,83
165,2016-10-16,2016,6,GB,16.0,30.0,-14.0,GB,GB2016-10-16,2016-10-16,5,GB,294,78
166,2016-10-16,2016,6,HOU,26.0,23.0,3.0,HOU,HOU2016-10-16,2016-10-16,6,HOU,269,158
167,2016-10-16,2016,6,IND,23.0,26.0,-3.0,HOU,IND2016-10-16,2016-10-16,6,IND,252,161
168,2016-10-16,2016,6,JAX,17.0,16.0,1.0,CHI,JAX2016-10-16,2016-10-16,5,JAX,271,54
169,2016-10-16,2016,6,KC,26.0,10.0,16.0,OAK,KC2016-10-16,2016-10-16,5,KC,224,183
170,2016-10-16,2016,6,LAR,28.0,31.0,-3.0,DET,LAR2016-10-16,2016-10-16,6,LAR,321,76
171,2016-10-16,2016,6,MIA,30.0,15.0,15.0,MIA,MIA2016-10-16,2016-10-16,6,MIA,252,222
172,2016-10-16,2016,6,NE,35.0,17.0,18.0,NE,NE2016-10-16,2016-10-16,6,NE,376,79
173,2016-10-16,2016,6,NO,41.0,38.0,3.0,NO,NO2016-10-16,2016-10-16,5,NO,465,63
174,2016-10-16,2016,6,NYG,27.0,23.0,4.0,NYG,NYG2016-10-16,2016-10-16,6,NYG,403,38
175,2016-10-16,2016,6,OAK,10.0,26.0,-16.0,OAK,OAK2016-10-16,2016-10-16,6,OAK,225,64
176,2016-10-16,2016,6,PHI,20.0,27.0,-7.0,WAS,PHI2016-10-16,2016-10-16,5,PHI,179,94
177,2016-10-16,2016,6,PIT,15.0,30.0,-15.0,MIA,PIT2016-10-16,2016-10-16,6,PIT,189,128
178,2016-10-16,2016,6,SEA,26.0,24.0,2.0,SEA,SEA2016-10-16,2016-10-16,5,SEA,270,72
179,2016-10-16,2016,6,SF,16.0,45.0,-29.0,BUF,SF2016-10-16,2016-10-16,6,SF,187,133
180,2016-10-16,2016,6,TEN,28.0,26.0,2.0,TEN,TEN2016-10-16,2016-10-16,6,TEN,284,137
181,2016-10-16,2016,6,WAS,27.0,20.0,7.0,WAS,WAS2016-10-16,2016-10-16,6,WAS,263,230
182,2016-10-17,2016,6,ARI,28.0,3.0,25.0,ARI,ARI2016-10-17,2016-10-17,6,ARI,225,171
183,2016-10-17,2016,6,NYJ,3.0,28.0,-25.0,ARI,NYJ2016-10-17,2016-10-17,6,NYJ,205,33
184,2016-10-20,2016,7,CHI,10.0,26.0,-16.0,GB,CHI2016-10-20,2016-10-20,7,CHI,130,69
185,2016-10-20,2016,7,GB,26.0,10.0,16.0,GB,GB2016-10-20,2016-10-20,6,GB,326,103
186,2016-10-23,2016,7,ARI,6.0,6.0,0.0,ARI,ARI2016-10-23,2016-10-23,7,ARI,342,132
187,2016-10-23,2016,7,ATL,30.0,33.0,-3.0,ATL,ATL2016-10-23,2016-10-23,7,ATL,273,130
188,2016-10-23,2016,7,BAL,16.0,24.0,-8.0,NYJ,BAL2016-10-23,2016-10-23,7,BAL,248,11
189,2016-10-23,2016,7,BUF,25.0,28.0,-3.0,MIA,BUF2016-10-23,2016-10-23,7,BUF,221,67
190,2016-10-23,2016,7,CIN,31.0,17.0,14.0,CIN,CIN2016-10-23,2016-10-23,7,CIN,308,271
191,2016-10-23,2016,7,CLE,17.0,31.0,-14.0,CIN,CLE2016-10-23,2016-10-23,7,CLE,182,180
192,2016-10-23,2016,7,DET,20.0,17.0,3.0,DET,DET2016-10-23,2016-10-23,7,DET,266,94
193,2016-10-23,2016,7,IND,34.0,26.0,8.0,TEN,IND2016-10-23,2016-10-23,7,IND,353,81
194,2016-10-23,2016,7,JAX,16.0,33.0,-17.0,JAX,JAX2016-10-23,2016-10-23,6,JAX,246,105
195,2016-10-23,2016,7,KC,27.0,21.0,6.0,KC,KC2016-10-23,2016-10-23,6,KC,214,112
196,2016-10-23,2016,7,LAR,10.0,17.0,-7.0,LAR,LAR2016-10-23,2016-10-23,7,LAR,291,74
197,2016-10-23,2016,7,MIA,28.0,25.0,3.0,MIA,MIA2016-10-23,2016-10-23,7,MIA,204,256
198,2016-10-23,2016,7,MIN,10.0,21.0,-11.0,PHI,MIN2016-10-23,2016-10-23,6,MIN,224,93
199,2016-10-23,2016,7,NE,27.0,16.0,11.0,PIT,NE2016-10-23,2016-10-23,7,NE,222,140
200,2016-10-23,2016,7,NO,21.0,27.0,-6.0,KC,NO2016-10-23,2016-10-23,6,NO,367,104
201,2016-10-23,2016,7,NYG,17.0,10.0,7.0,LAR,NYG2016-10-23,2016-10-23,7,NYG,196,36
202,2016-10-23,2016,7,NYJ,24.0,16.0,8.0,NYJ,NYJ2016-10-23,2016-10-23,7,NYJ,215,155
203,2016-10-23,2016,7,OAK,33.0,16.0,17.0,JAX,OAK2016-10-23,2016-10-23,7,OAK,200,144
204,2016-10-23,2016,7,PHI,21.0,10.0,11.0,PHI,PHI2016-10-23,2016-10-23,6,PHI,138,101
205,2016-10-23,2016,7,PIT,16.0,27.0,-11.0,PIT,PIT2016-10-23,2016-10-23,7,PIT,281,94
206,2016-10-23,2016,7,SDG,33.0,30.0,3.0,ATL,SDG2016-10-23,2016-10-23,7,SDG,371,78
207,2016-10-23,2016,7,SEA,6.0,6.0,0.0,ARI,SEA2016-10-23,2016-10-23,6,SEA,225,52
208,2016-10-23,2016,7,SF,17.0,34.0,-17.0,SF,SF2016-10-23,2016-10-23,7,SF,143,160
209,2016-10-23,2016,7,TB,34.0,17.0,17.0,SF,TB2016-10-23,2016-10-23,6,TB,269,249
210,2016-10-23,2016,7,TEN,26.0,34.0,-8.0,TEN,TEN2016-10-23,2016-10-23,7,TEN,232,124
211,2016-10-23,2016,7,WAS,17.0,20.0,-3.0,DET,WAS2016-10-23,2016-10-23,7,WAS,301,130
212,2016-10-24,2016,7,DEN,27.0,9.0,18.0,DEN,DEN2016-10-24,2016-10-24,7,DEN,157,190
213,2016-10-24,2016,7,HOU,9.0,27.0,-18.0,DEN,HOU2016-10-24,2016-10-24,7,HOU,131,140
214,2016-10-27,2016,8,JAX,22.0,36.0,-14.0,TEN,JAX2016-10-27,2016-10-27,7,JAX,337,48
215,2016-10-27,2016,8,TEN,36.0,22.0,14.0,TEN,TEN2016-10-27,2016-10-27,8,TEN,280,214
216,2016-10-30,2016,8,ARI,20.0,30.0,-10.0,CAR,ARI2016-10-30,2016-10-30,8,ARI,363,24
217,2016-10-30,2016,8,ATL,33.0,32.0,1.0,ATL,ATL2016-10-30,2016-10-30,8,ATL,288,90
218,2016-10-30,2016,8,BUF,25.0,41.0,-16.0,BUF,BUF2016-10-30,2016-10-30,8,BUF,218,167
219,2016-10-30,2016,8,CAR,30.0,20.0,10.0,CAR,CAR2016-10-30,2016-10-30,7,CAR,212,141
220,2016-10-30,2016,8,CIN,27.0,27.0,0.0,CIN,CIN2016-10-30,2016-10-30,8,CIN,284,152
221,2016-10-30,2016,8,CLE,28.0,31.0,-3.0,CLE,CLE2016-10-30,2016-10-30,8,CLE,345,68
222,2016-10-30,2016,8,DAL,29.0,23.0,6.0,DAL,DAL2016-10-30,2016-10-30,7,DAL,287,187
223,2016-10-30,2016,8,DEN,27.0,19.0,8.0,DEN,DEN2016-10-30,2016-10-30,8,DEN,276,57
224,2016-10-30,2016,8,DET,13.0,20.0,-7.0,HOU,DET2016-10-30,2016-10-30,8,DET,240,58
225,2016-10-30,2016,8,GB,32.0,33.0,-1.0,ATL,GB2016-10-30,2016-10-30,7,GB,246,108
226,2016-10-30,2016,8,HOU,20.0,13.0,7.0,HOU,HOU2016-10-30,2016-10-30,8,HOU,186,105
227,2016-10-30,2016,8,IND,14.0,30.0,-16.0,IND,IND2016-10-30,2016-10-30,8,IND,210,105
228,2016-10-30,2016,8,KC,30.0,14.0,16.0,IND,KC2016-10-30,2016-10-30,7,KC,350,88
229,2016-10-30,2016,8,NE,41.0,25.0,16.0,BUF,NE2016-10-30,2016-10-30,8,NE,315,72
230,2016-10-30,2016,8,NO,25.0,20.0,5.0,NO,NO2016-10-30,2016-10-30,7,NO,265,123
231,2016-10-30,2016,8,NYJ,31.0,28.0,3.0,CLE,NYJ2016-10-30,2016-10-30,8,NYJ,228,171
232,2016-10-30,2016,8,OAK,30.0,24.0,6.0,TB,OAK2016-10-30,2016-10-30,8,OAK,513,128
233,2016-10-30,2016,8,PHI,23.0,29.0,-6.0,DAL,PHI2016-10-30,2016-10-30,7,PHI,202,97
234,2016-10-30,2016,8,SDG,19.0,27.0,-8.0,DEN,SDG2016-10-30,2016-10-30,8,SDG,267,123
235,2016-10-30,2016,8,SEA,20.0,25.0,-5.0,NO,SEA2016-10-30,2016-10-30,7,SEA,296,74
236,2016-10-30,2016,8,TB,24.0,30.0,-6.0,TB,TB2016-10-30,2016-10-30,7,TB,180,102
237,2016-10-30,2016,8,WAS,27.0,27.0,0.0,CIN,WAS2016-10-30,2016-10-30,8,WAS,458,100
238,2016-10-31,2016,8,CHI,20.0,10.0,10.0,CHI,CHI2016-10-31,2016-10-31,8,CHI,252,158
239,2016-10-31,2016,8,MIN,10.0,20.0,-10.0,CHI,MIN2016-10-31,2016-10-31,7,MIN,228,57
240,2016-11-03,2016,9,ATL,43.0,28.0,15.0,TB,ATL2016-11-03,2016-11-03,9,ATL,344,136
241,2016-11-03,2016,9,TB,28.0,43.0,-15.0,TB,TB2016-11-03,2016-11-03,8,TB,336,70
242,2016-11-06,2016,9,BAL,21.0,14.0,7.0,BAL,BAL2016-11-06,2016-11-06,8,BAL,250,50
243,2016-11-06,2016,9,CAR,13.0,10.0,3.0,LAR,CAR2016-11-06,2016-11-06,8,CAR,225,59
244,2016-11-06,2016,9,CLE,10.0,35.0,-25.0,CLE,CLE2016-11-06,2016-11-06,9,CLE,203,45
245,2016-11-06,2016,9,DAL,35.0,10.0,25.0,CLE,DAL2016-11-06,2016-11-06,8,DAL,255,168
246,2016-11-06,2016,9,DEN,20.0,30.0,-10.0,OAK,DEN2016-11-06,2016-11-06,9,DEN,283,33
247,2016-11-06,2016,9,DET,22.0,16.0,6.0,MIN,DET2016-11-06,2016-11-06,9,DET,219,97
248,2016-11-06,2016,9,GB,26.0,31.0,-5.0,GB,GB2016-11-06,2016-11-06,8,GB,297,116
249,2016-11-06,2016,9,IND,31.0,26.0,5.0,GB,IND2016-11-06,2016-11-06,9,IND,281,85
250,2016-11-06,2016,9,JAX,14.0,19.0,-5.0,KC,JAX2016-11-06,2016-11-06,8,JAX,252,205
251,2016-11-06,2016,9,KC,19.0,14.0,5.0,KC,KC2016-11-06,2016-11-06,8,KC,187,62
252,2016-11-06,2016,9,LAR,10.0,13.0,-3.0,LAR,LAR2016-11-06,2016-11-06,8,LAR,296,59
253,2016-11-06,2016,9,MIA,27.0,23.0,4.0,MIA,MIA2016-11-06,2016-11-06,8,MIA,149,137
254,2016-11-06,2016,9,MIN,16.0,22.0,-6.0,MIN,MIN2016-11-06,2016-11-06,8,MIN,273,78
255,2016-11-06,2016,9,NO,41.0,23.0,18.0,SF,NO2016-11-06,2016-11-06,8,NO,323,248
256,2016-11-06,2016,9,NYG,28.0,23.0,5.0,NYG,NYG2016-11-06,2016-11-06,8,NYG,257,54
257,2016-11-06,2016,9,NYJ,23.0,27.0,-4.0,MIA,NYJ2016-11-06,2016-11-06,9,NYJ,213,140
258,2016-11-06,2016,9,OAK,30.0,20.0,10.0,OAK,OAK2016-11-06,2016-11-06,9,OAK,184,218
259,2016-11-06,2016,9,PHI,23.0,28.0,-5.0,NYG,PHI2016-11-06,2016-11-06,8,PHI,364,96
260,2016-11-06,2016,9,PIT,14.0,21.0,-7.0,BAL,PIT2016-11-06,2016-11-06,8,PIT,264,36
261,2016-11-06,2016,9,SDG,43.0,35.0,8.0,SDG,SDG2016-11-06,2016-11-06,9,SDG,275,208
262,2016-11-06,2016,9,SF,23.0,41.0,-18.0,SF,SF2016-11-06,2016-11-06,8,SF,398,93
263,2016-11-06,2016,9,TEN,35.0,43.0,-8.0,SDG,TEN2016-11-06,2016-11-06,9,TEN,313,80
264,2016-11-07,2016,9,BUF,25.0,31.0,-6.0,SEA,BUF2016-11-07,2016-11-07,9,BUF,289,162
265,2016-11-07,2016,9,SEA,31.0,25.0,6.0,SEA,SEA2016-11-07,2016-11-07,8,SEA,282,33
266,2016-11-10,2016,10,BAL,28.0,7.0,21.0,BAL,BAL2016-11-10,2016-11-10,9,BAL,296,119
267,2016-11-10,2016,10,CLE,7.0,28.0,-21.0,BAL,CLE2016-11-10,2016-11-10,10,CLE,150,33
268,2016-11-13,2016,10,ARI,23.0,20.0,3.0,ARI,ARI2016-11-13,2016-11-13,9,ARI,376,80
269,2016-11-13,2016,10,ATL,15.0,24.0,-9.0,PHI,ATL2016-11-13,2016-11-13,10,ATL,267,48
270,2016-11-13,2016,10,CAR,17.0,20.0,-3.0,CAR,CAR2016-11-13,2016-11-13,9,CAR,261,99
271,2016-11-13,2016,10,CHI,10.0,36.0,-26.0,TB,CHI2016-11-13,2016-11-13,9,CHI,182,122
272,2016-11-13,2016,10,DAL,35.0,30.0,5.0,PIT,DAL2016-11-13,2016-11-13,9,DAL,319,127
273,2016-11-13,2016,10,DEN,25.0,23.0,2.0,NO,DEN2016-11-13,2016-11-13,10,DEN,258,103
274,2016-11-13,2016,10,GB,25.0,47.0,-22.0,TEN,GB2016-11-13,2016-11-13,9,GB,379,69
275,2016-11-13,2016,10,HOU,24.0,21.0,3.0,JAX,HOU2016-11-13,2016-11-13,9,HOU,99,181
276,2016-11-13,2016,10,JAX,21.0,24.0,-3.0,JAX,JAX2016-11-13,2016-11-13,9,JAX,265,80
277,2016-11-13,2016,10,KC,20.0,17.0,3.0,CAR,KC2016-11-13,2016-11-13,9,KC,178,91
278,2016-11-13,2016,10,LAR,9.0,6.0,3.0,NYJ,LAR2016-11-13,2016-11-13,9,LAR,165,125
279,2016-11-13,2016,10,MIA,31.0,24.0,7.0,SDG,MIA2016-11-13,2016-11-13,9,MIA,240,106
280,2016-11-13,2016,10,MIN,20.0,26.0,-6.0,WAS,MIN2016-11-13,2016-11-13,9,MIN,307,47
281,2016-11-13,2016,10,NE,24.0,31.0,-7.0,NE,NE2016-11-13,2016-11-13,9,NE,316,81
282,2016-11-13,2016,10,NO,23.0,25.0,-2.0,NO,NO2016-11-13,2016-11-13,9,NO,303,80
283,2016-11-13,2016,10,NYJ,6.0,9.0,-3.0,NYJ,NYJ2016-11-13,2016-11-13,10,NYJ,163,139
284,2016-11-13,2016,10,PHI,24.0,15.0,9.0,PHI,PHI2016-11-13,2016-11-13,9,PHI,231,208
285,2016-11-13,2016,10,PIT,30.0,35.0,-5.0,PIT,PIT2016-11-13,2016-11-13,9,PIT,408,48
286,2016-11-13,2016,10,SDG,24.0,31.0,-7.0,SDG,SDG2016-11-13,2016-11-13,10,SDG,326,70
287,2016-11-13,2016,10,SEA,31.0,24.0,7.0,NE,SEA2016-11-13,2016-11-13,9,SEA,348,96
288,2016-11-13,2016,10,SF,20.0,23.0,-3.0,ARI,SF2016-11-13,2016-11-13,9,SF,210,83
289,2016-11-13,2016,10,TB,36.0,10.0,26.0,TB,TB2016-11-13,2016-11-13,9,TB,312,80
290,2016-11-13,2016,10,TEN,47.0,25.0,22.0,TEN,TEN2016-11-13,2016-11-13,10,TEN,305,154
291,2016-11-13,2016,10,WAS,26.0,20.0,6.0,WAS,WAS2016-11-13,2016-11-13,9,WAS,262,128
292,2016-11-14,2016,10,CIN,20.0,21.0,-1.0,NYG,CIN2016-11-14,2016-11-14,9,CIN,204,78
293,2016-11-14,2016,10,NYG,21.0,20.0,1.0,NYG,NYG2016-11-14,2016-11-14,9,NYG,240,122
294,2016-11-17,2016,11,CAR,23.0,20.0,3.0,CAR,CAR2016-11-17,2016-11-17,10,CAR,192,50
295,2016-11-17,2016,11,NO,20.0,23.0,-3.0,CAR,NO2016-11-17,2016-11-17,10,NO,285,107
296,2016-11-20,2016,11,ARI,24.0,30.0,-6.0,MIN,ARI2016-11-20,2016-11-20,10,ARI,198,135
297,2016-11-20,2016,11,BAL,17.0,27.0,-10.0,DAL,BAL2016-11-20,2016-11-20,10,BAL,269,101
298,2016-11-20,2016,11,BUF,16.0,12.0,4.0,CIN,BUF2016-11-20,2016-11-20,10,BUF,166,183
299,2016-11-20,2016,11,CHI,16.0,22.0,-6.0,NYG,CHI2016-11-20,2016-11-20,10,CHI,252,93
300,2016-11-20,2016,11,CIN,12.0,16.0,-4.0,CIN,CIN2016-11-20,2016-11-20,10,CIN,207,93
301,2016-11-20,2016,11,CLE,9.0,24.0,-15.0,CLE,CLE2016-11-20,2016-11-20,11,CLE,246,33
302,2016-11-20,2016,11,DAL,27.0,17.0,10.0,DAL,DAL2016-11-20,2016-11-20,10,DAL,301,118
303,2016-11-20,2016,11,DET,26.0,19.0,7.0,DET,DET2016-11-20,2016-11-20,10,DET,278,14
304,2016-11-20,2016,11,GB,24.0,42.0,-18.0,WAS,GB2016-11-20,2016-11-20,10,GB,360,84
305,2016-11-20,2016,11,IND,24.0,17.0,7.0,IND,IND2016-11-20,2016-11-20,10,IND,262,76
306,2016-11-20,2016,11,JAX,19.0,26.0,-7.0,DET,JAX2016-11-20,2016-11-20,10,JAX,202,83
307,2016-11-20,2016,11,KC,17.0,19.0,-2.0,KC,KC2016-11-20,2016-11-20,10,KC,261,82
308,2016-11-20,2016,11,LAR,10.0,14.0,-4.0,LAR,LAR2016-11-20,2016-11-20,10,LAR,134,102
309,2016-11-20,2016,11,MIA,14.0,10.0,4.0,LAR,MIA2016-11-20,2016-11-20,10,MIA,172,98
310,2016-11-20,2016,11,MIN,30.0,24.0,6.0,MIN,MIN2016-11-20,2016-11-20,10,MIN,169,72
311,2016-11-20,2016,11,NE,30.0,17.0,13.0,SF,NE2016-11-20,2016-11-20,10,NE,280,171
312,2016-11-20,2016,11,NYG,22.0,16.0,6.0,NYG,NYG2016-11-20,2016-11-20,10,NYG,227,102
313,2016-11-20,2016,11,PHI,15.0,26.0,-11.0,SEA,PHI2016-11-20,2016-11-20,10,PHI,218,113
314,2016-11-20,2016,11,PIT,24.0,9.0,15.0,CLE,PIT2016-11-20,2016-11-20,10,PIT,167,146
315,2016-11-20,2016,11,SEA,26.0,15.0,11.0,SEA,SEA2016-11-20,2016-11-20,10,SEA,287,152
316,2016-11-20,2016,11,SF,17.0,30.0,-13.0,SF,SF2016-11-20,2016-11-20,10,SF,206,122
317,2016-11-20,2016,11,TB,19.0,17.0,2.0,KC,TB2016-11-20,2016-11-20,10,TB,331,116
318,2016-11-20,2016,11,TEN,17.0,24.0,-7.0,IND,TEN2016-11-20,2016-11-20,11,TEN,290,97
319,2016-11-20,2016,11,WAS,42.0,24.0,18.0,WAS,WAS2016-11-20,2016-11-20,10,WAS,375,151
320,2016-11-21,2016,11,HOU,20.0,27.0,-7.0,OAK,HOU2016-11-21,2016-11-21,10,HOU,243,124
321,2016-11-21,2016,11,OAK,27.0,20.0,7.0,OAK,OAK2016-11-21,2016-11-21,10,OAK,295,30
322,2016-11-24,2016,12,DAL,31.0,26.0,5.0,DAL,DAL2016-11-24,2016-11-24,11,DAL,195,163
323,2016-11-24,2016,12,DET,16.0,13.0,3.0,DET,DET2016-11-24,2016-11-24,11,DET,232,94
324,2016-11-24,2016,12,IND,7.0,28.0,-21.0,IND,IND2016-11-24,2016-11-24,11,IND,240,91
325,2016-11-24,2016,12,MIN,13.0,16.0,-3.0,DET,MIN2016-11-24,2016-11-24,11,MIN,224,82
326,2016-11-24,2016,12,PIT,28.0,7.0,21.0,IND,PIT2016-11-24,2016-11-24,11,PIT,221,148
327,2016-11-24,2016,12,WAS,26.0,31.0,-5.0,DAL,WAS2016-11-24,2016-11-24,11,WAS,449,56
328,2016-11-27,2016,12,ARI,19.0,38.0,-19.0,ATL,ARI2016-11-27,2016-11-27,11,ARI,289,58
329,2016-11-27,2016,12,ATL,38.0,19.0,19.0,ATL,ATL2016-11-27,2016-11-27,11,ATL,269,116
330,2016-11-27,2016,12,BAL,19.0,14.0,5.0,BAL,BAL2016-11-27,2016-11-27,11,BAL,234,92
331,2016-11-27,2016,12,BUF,28.0,21.0,7.0,BUF,BUF2016-11-27,2016-11-27,11,BUF,166,153
332,2016-11-27,2016,12,CAR,32.0,35.0,-3.0,OAK,CAR2016-11-27,2016-11-27,11,CAR,246,129
333,2016-11-27,2016,12,CHI,21.0,27.0,-6.0,CHI,CHI2016-11-27,2016-11-27,11,CHI,316,95
334,2016-11-27,2016,12,CIN,14.0,19.0,-5.0,BAL,CIN2016-11-27,2016-11-27,11,CIN,283,64
335,2016-11-27,2016,12,CLE,13.0,27.0,-14.0,CLE,CLE2016-11-27,2016-11-27,12,CLE,322,58
336,2016-11-27,2016,12,DEN,27.0,30.0,-3.0,DEN,DEN2016-11-27,2016-11-27,11,DEN,368,124
337,2016-11-27,2016,12,HOU,13.0,21.0,-8.0,HOU,HOU2016-11-27,2016-11-27,11,HOU,246,114
338,2016-11-27,2016,12,JAX,21.0,28.0,-7.0,BUF,JAX2016-11-27,2016-11-27,11,JAX,126,183
339,2016-11-27,2016,12,KC,30.0,27.0,3.0,DEN,KC2016-11-27,2016-11-27,11,KC,220,83
340,2016-11-27,2016,12,LAR,21.0,49.0,-28.0,NO,LAR2016-11-27,2016-11-27,11,LAR,214,69
341,2016-11-27,2016,12,MIA,31.0,24.0,7.0,MIA,MIA2016-11-27,2016-11-27,11,MIA,285,95
342,2016-11-27,2016,12,NE,22.0,17.0,5.0,NYJ,NE2016-11-27,2016-11-27,11,NE,286,91
343,2016-11-27,2016,12,NO,49.0,21.0,28.0,NO,NO2016-11-27,2016-11-27,11,NO,360,209
344,2016-11-27,2016,12,NYG,27.0,13.0,14.0,CLE,NYG2016-11-27,2016-11-27,11,NYG,194,104
345,2016-11-27,2016,12,NYJ,17.0,22.0,-5.0,NYJ,NYJ2016-11-27,2016-11-27,11,NYJ,269,64
346,2016-11-27,2016,12,OAK,35.0,32.0,3.0,OAK,OAK2016-11-27,2016-11-27,11,OAK,315,56
347,2016-11-27,2016,12,SDG,21.0,13.0,8.0,HOU,SDG2016-11-27,2016-11-27,11,SDG,242,67
348,2016-11-27,2016,12,SEA,5.0,14.0,-9.0,TB,SEA2016-11-27,2016-11-27,11,SEA,151,127
349,2016-11-27,2016,12,SF,24.0,31.0,-7.0,MIA,SF2016-11-27,2016-11-27,11,SF,296,193
350,2016-11-27,2016,12,TB,14.0,5.0,9.0,TB,TB2016-11-27,2016-11-27,11,TB,220,118
351,2016-11-27,2016,12,TEN,27.0,21.0,6.0,CHI,TEN2016-11-27,2016-11-27,12,TEN,226,149
352,2016-11-28,2016,12,GB,27.0,13.0,14.0,PHI,GB2016-11-28,2016-11-28,11,GB,313,74
353,2016-11-28,2016,12,PHI,13.0,27.0,-14.0,PHI,PHI2016-11-28,2016-11-28,11,PHI,254,81
354,2016-12-01,2016,13,DAL,17.0,15.0,2.0,MIN,DAL2016-12-01,2016-12-01,12,DAL,139,140
355,2016-12-01,2016,13,MIN,15.0,17.0,-2.0,MIN,MIN2016-12-01,2016-12-01,12,MIN,253,87
356,2016-12-04,2016,13,ARI,31.0,23.0,8.0,ARI,ARI2016-12-04,2016-12-04,12,ARI,300,88
357,2016-12-04,2016,13,ATL,28.0,29.0,-1.0,ATL,ATL2016-12-04,2016-12-04,12,ATL,297,128
358,2016-12-04,2016,13,BAL,38.0,6.0,32.0,BAL,BAL2016-12-04,2016-12-04,12,BAL,386,110
359,2016-12-04,2016,13,BUF,24.0,38.0,-14.0,OAK,BUF2016-12-04,2016-12-04,12,BUF,191,212
360,2016-12-04,2016,13,CAR,7.0,40.0,-33.0,SEA,CAR2016-12-04,2016-12-04,12,CAR,182,89
361,2016-12-04,2016,13,CHI,26.0,6.0,20.0,CHI,CHI2016-12-04,2016-12-04,12,CHI,192,142
362,2016-12-04,2016,13,CIN,32.0,14.0,18.0,CIN,CIN2016-12-04,2016-12-04,12,CIN,332,80
363,2016-12-04,2016,13,DEN,20.0,10.0,10.0,JAX,DEN2016-12-04,2016-12-04,12,DEN,104,104
364,2016-12-04,2016,13,DET,28.0,13.0,15.0,NO,DET2016-12-04,2016-12-04,12,DET,341,85
365,2016-12-04,2016,13,GB,21.0,13.0,8.0,GB,GB2016-12-04,2016-12-04,12,GB,209,109
366,2016-12-04,2016,13,HOU,13.0,21.0,-8.0,GB,HOU2016-12-04,2016-12-04,12,HOU,202,123
367,2016-12-04,2016,13,JAX,10.0,20.0,-10.0,JAX,JAX2016-12-04,2016-12-04,12,JAX,181,154
368,2016-12-04,2016,13,KC,29.0,28.0,1.0,ATL,KC2016-12-04,2016-12-04,12,KC,270,123
369,2016-12-04,2016,13,LAR,10.0,26.0,-16.0,NE,LAR2016-12-04,2016-12-04,12,LAR,161,36
370,2016-12-04,2016,13,MIA,6.0,38.0,-32.0,BAL,MIA2016-12-04,2016-12-04,12,MIA,226,62
371,2016-12-04,2016,13,NE,26.0,10.0,16.0,NE,NE2016-12-04,2016-12-04,12,NE,269,133
372,2016-12-04,2016,13,NO,13.0,28.0,-15.0,NO,NO2016-12-04,2016-12-04,12,NO,326,50
373,2016-12-04,2016,13,NYG,14.0,24.0,-10.0,PIT,NYG2016-12-04,2016-12-04,12,NYG,195,56
374,2016-12-04,2016,13,OAK,38.0,24.0,14.0,OAK,OAK2016-12-04,2016-12-04,12,OAK,260,139
375,2016-12-04,2016,13,PHI,14.0,32.0,-18.0,CIN,PHI2016-12-04,2016-12-04,12,PHI,308,53
376,2016-12-04,2016,13,PIT,24.0,14.0,10.0,PIT,PIT2016-12-04,2016-12-04,12,PIT,289,117
377,2016-12-04,2016,13,SDG,21.0,28.0,-7.0,SDG,SDG2016-12-04,2016-12-04,12,SDG,225,119
378,2016-12-04,2016,13,SEA,40.0,7.0,33.0,SEA,SEA2016-12-04,2016-12-04,12,SEA,315,240
379,2016-12-04,2016,13,SF,6.0,26.0,-20.0,CHI,SF2016-12-04,2016-12-04,12,SF,39,141
380,2016-12-04,2016,13,TB,28.0,21.0,7.0,SDG,TB2016-12-04,2016-12-04,12,TB,280,81
381,2016-12-04,2016,13,WAS,23.0,31.0,-8.0,ARI,WAS2016-12-04,2016-12-04,12,WAS,271,87
382,2016-12-05,2016,13,IND,41.0,10.0,31.0,NYJ,IND2016-12-05,2016-12-05,12,IND,289,139
383,2016-12-05,2016,13,NYJ,10.0,41.0,-31.0,NYJ,NYJ2016-12-05,2016-12-05,12,NYJ,216,36
384,2016-12-08,2016,14,KC,21.0,13.0,8.0,KC,KC2016-12-08,2016-12-08,13,KC,264,65
385,2016-12-08,2016,14,OAK,13.0,21.0,-8.0,KC,OAK2016-12-08,2016-12-08,13,OAK,117,135
386,2016-12-11,2016,14,ARI,23.0,26.0,-3.0,MIA,ARI2016-12-11,2016-12-11,13,ARI,145,175
387,2016-12-11,2016,14,ATL,42.0,14.0,28.0,LAR,ATL2016-12-11,2016-12-11,13,ATL,237,66
388,2016-12-11,2016,14,BUF,20.0,27.0,-7.0,BUF,BUF2016-12-11,2016-12-11,13,BUF,228,67
389,2016-12-11,2016,14,CAR,28.0,16.0,12.0,CAR,CAR2016-12-11,2016-12-11,13,CAR,160,126
390,2016-12-11,2016,14,CHI,17.0,20.0,-3.0,DET,CHI2016-12-11,2016-12-11,13,CHI,212,92
391,2016-12-11,2016,14,CIN,23.0,10.0,13.0,CLE,CIN2016-12-11,2016-12-11,13,CIN,180,213
392,2016-12-11,2016,14,CLE,10.0,23.0,-13.0,CLE,CLE2016-12-11,2016-12-11,13,CLE,104,169
393,2016-12-11,2016,14,DAL,7.0,10.0,-3.0,NYG,DAL2016-12-11,2016-12-11,13,DAL,165,108
394,2016-12-11,2016,14,DEN,10.0,13.0,-3.0,TEN,DEN2016-12-11,2016-12-11,13,DEN,350,18
395,2016-12-11,2016,14,DET,20.0,17.0,3.0,DET,DET2016-12-11,2016-12-11,13,DET,223,114
396,2016-12-11,2016,14,GB,38.0,10.0,28.0,GB,GB2016-12-11,2016-12-11,13,GB,246,93
397,2016-12-11,2016,14,HOU,22.0,17.0,5.0,IND,HOU2016-12-11,2016-12-11,13,HOU,147,185
398,2016-12-11,2016,14,IND,17.0,22.0,-5.0,IND,IND2016-12-11,2016-12-11,13,IND,276,83
399,2016-12-11,2016,14,JAX,16.0,25.0,-9.0,JAX,JAX2016-12-11,2016-12-11,13,JAX,257,85
400,2016-12-11,2016,14,LAR,14.0,42.0,-28.0,LAR,LAR2016-12-11,2016-12-11,13,LAR,235,104
401,2016-12-11,2016,14,MIA,26.0,23.0,3.0,MIA,MIA2016-12-11,2016-12-11,13,MIA,242,83
402,2016-12-11,2016,14,MIN,25.0,16.0,9.0,JAX,MIN2016-12-11,2016-12-11,13,MIN,292,85
403,2016-12-11,2016,14,NO,11.0,16.0,-5.0,TB,NO2016-12-11,2016-12-11,13,NO,257,46
404,2016-12-11,2016,14,NYG,10.0,7.0,3.0,NYG,NYG2016-12-11,2016-12-11,13,NYG,193,93
405,2016-12-11,2016,14,NYJ,23.0,17.0,6.0,SF,NYJ2016-12-11,2016-12-11,13,NYJ,257,188
406,2016-12-11,2016,14,PHI,22.0,27.0,-5.0,PHI,PHI2016-12-11,2016-12-11,13,PHI,314,95
407,2016-12-11,2016,14,PIT,27.0,20.0,7.0,BUF,PIT2016-12-11,2016-12-11,13,PIT,220,240
408,2016-12-11,2016,14,SDG,16.0,28.0,-12.0,CAR,SDG2016-12-11,2016-12-11,13,SDG,236,58
409,2016-12-11,2016,14,SEA,10.0,38.0,-28.0,GB,SEA2016-12-11,2016-12-11,13,SEA,240,136
410,2016-12-11,2016,14,SF,17.0,23.0,-6.0,SF,SF2016-12-11,2016-12-11,13,SF,133,248
411,2016-12-11,2016,14,TB,16.0,11.0,5.0,TB,TB2016-12-11,2016-12-11,13,TB,184,104
412,2016-12-11,2016,14,TEN,13.0,10.0,3.0,TEN,TEN2016-12-11,2016-12-11,13,TEN,88,180
413,2016-12-11,2016,14,WAS,27.0,22.0,5.0,PHI,WAS2016-12-11,2016-12-11,13,WAS,234,107
414,2016-12-12,2016,14,BAL,23.0,30.0,-7.0,NE,BAL2016-12-12,2016-12-12,13,BAL,324,42
415,2016-12-12,2016,14,NE,30.0,23.0,7.0,NE,NE2016-12-12,2016-12-12,13,NE,406,95
416,2016-12-15,2016,15,LAR,3.0,24.0,-21.0,SEA,LAR2016-12-15,2016-12-15,14,LAR,167,47
417,2016-12-15,2016,15,SEA,24.0,3.0,21.0,SEA,SEA2016-12-15,2016-12-15,14,SEA,229,72
418,2016-12-17,2016,15,MIA,34.0,13.0,21.0,NYJ,MIA2016-12-17,2016-12-17,14,MIA,236,67
419,2016-12-17,2016,15,NYJ,13.0,34.0,-21.0,NYJ,NYJ2016-12-17,2016-12-17,14,NYJ,266,116
420,2016-12-18,2016,15,ARI,41.0,48.0,-7.0,ARI,ARI2016-12-18,2016-12-18,14,ARI,318,116
421,2016-12-18,2016,15,ATL,41.0,13.0,28.0,ATL,ATL2016-12-18,2016-12-18,14,ATL,302,248
422,2016-12-18,2016,15,BAL,27.0,26.0,1.0,BAL,BAL2016-12-18,2016-12-18,14,BAL,206,151
423,2016-12-18,2016,15,BUF,33.0,13.0,20.0,BUF,BUF2016-12-18,2016-12-18,14,BUF,174,280
424,2016-12-18,2016,15,CHI,27.0,30.0,-3.0,CHI,CHI2016-12-18,2016-12-18,14,CHI,362,95
425,2016-12-18,2016,15,CIN,20.0,24.0,-4.0,CIN,CIN2016-12-18,2016-12-18,14,CIN,157,76
426,2016-12-18,2016,15,CLE,13.0,33.0,-20.0,BUF,CLE2016-12-18,2016-12-18,14,CLE,196,107
427,2016-12-18,2016,15,DAL,26.0,20.0,6.0,DAL,DAL2016-12-18,2016-12-18,14,DAL,279,185
428,2016-12-18,2016,15,DEN,3.0,16.0,-13.0,DEN,DEN2016-12-18,2016-12-18,14,DEN,282,58
429,2016-12-18,2016,15,DET,6.0,17.0,-11.0,NYG,DET2016-12-18,2016-12-18,14,DET,273,56
430,2016-12-18,2016,15,GB,30.0,27.0,3.0,CHI,GB2016-12-18,2016-12-18,14,GB,252,226
431,2016-12-18,2016,15,HOU,21.0,20.0,1.0,HOU,HOU2016-12-18,2016-12-18,14,HOU,308,79
432,2016-12-18,2016,15,IND,34.0,6.0,28.0,MIN,IND2016-12-18,2016-12-18,14,IND,250,161
433,2016-12-18,2016,15,JAX,20.0,21.0,-1.0,HOU,JAX2016-12-18,2016-12-18,14,JAX,92,67
434,2016-12-18,2016,15,KC,17.0,19.0,-2.0,KC,KC2016-12-18,2016-12-18,14,KC,163,157
435,2016-12-18,2016,15,MIN,6.0,34.0,-28.0,MIN,MIN2016-12-18,2016-12-18,14,MIN,291,34
436,2016-12-18,2016,15,NE,16.0,3.0,13.0,DEN,NE2016-12-18,2016-12-18,14,NE,188,136
437,2016-12-18,2016,15,NO,48.0,41.0,7.0,ARI,NO2016-12-18,2016-12-18,14,NO,389,130
438,2016-12-18,2016,15,NYG,17.0,6.0,11.0,NYG,NYG2016-12-18,2016-12-18,14,NYG,201,114
439,2016-12-18,2016,15,OAK,19.0,16.0,3.0,SDG,OAK2016-12-18,2016-12-18,14,OAK,213,145
440,2016-12-18,2016,15,PHI,26.0,27.0,-1.0,BAL,PHI2016-12-18,2016-12-18,14,PHI,170,169
441,2016-12-18,2016,15,PIT,24.0,20.0,4.0,CIN,PIT2016-12-18,2016-12-18,14,PIT,286,97
442,2016-12-18,2016,15,SDG,16.0,19.0,-3.0,SDG,SDG2016-12-18,2016-12-18,14,SDG,206,73
443,2016-12-18,2016,15,SF,13.0,41.0,-28.0,ATL,SF2016-12-18,2016-12-18,14,SF,183,107
444,2016-12-18,2016,15,TB,20.0,26.0,-6.0,DAL,TB2016-12-18,2016-12-18,14,TB,247,52
445,2016-12-18,2016,15,TEN,19.0,17.0,2.0,KC,TEN2016-12-18,2016-12-18,14,TEN,241,148
446,2016-12-19,2016,15,CAR,26.0,15.0,11.0,WAS,CAR2016-12-19,2016-12-19,14,CAR,300,148
447,2016-12-19,2016,15,WAS,15.0,26.0,-11.0,WAS,WAS2016-12-19,2016-12-19,14,WAS,315,29
448,2016-12-22,2016,16,NYG,19.0,24.0,-5.0,PHI,NYG2016-12-22,2016-12-22,15,NYG,356,114
449,2016-12-22,2016,16,PHI,24.0,19.0,5.0,PHI,PHI2016-12-22,2016-12-22,15,PHI,168,118
450,2016-12-24,2016,16,ARI,34.0,31.0,3.0,SEA,ARI2016-12-24,2016-12-24,15,ARI,284,94
451,2016-12-24,2016,16,ATL,33.0,16.0,17.0,CAR,ATL2016-12-24,2016-12-24,15,ATL,277,152
452,2016-12-24,2016,16,BUF,31.0,34.0,-3.0,BUF,BUF2016-12-24,2016-12-24,15,BUF,329,272
453,2016-12-24,2016,16,CAR,16.0,33.0,-17.0,CAR,CAR2016-12-24,2016-12-24,15,CAR,198,119
454,2016-12-24,2016,16,CHI,21.0,41.0,-20.0,CHI,CHI2016-12-24,2016-12-24,15,CHI,323,140
455,2016-12-24,2016,16,CIN,10.0,12.0,-2.0,HOU,CIN2016-12-24,2016-12-24,15,CIN,268,50
456,2016-12-24,2016,16,CLE,20.0,17.0,3.0,CLE,CLE2016-12-24,2016-12-24,15,CLE,175,124
457,2016-12-24,2016,16,GB,38.0,25.0,13.0,GB,GB2016-12-24,2016-12-24,15,GB,347,40
458,2016-12-24,2016,16,HOU,12.0,10.0,2.0,HOU,HOU2016-12-24,2016-12-24,15,HOU,176,95
459,2016-12-24,2016,16,IND,25.0,33.0,-8.0,OAK,IND2016-12-24,2016-12-24,15,IND,288,102
460,2016-12-24,2016,16,JAX,38.0,17.0,21.0,JAX,JAX2016-12-24,2016-12-24,15,JAX,345,84
461,2016-12-24,2016,16,LAR,21.0,22.0,-1.0,LAR,LAR2016-12-24,2016-12-24,15,LAR,90,99
462,2016-12-24,2016,16,MIA,34.0,31.0,3.0,BUF,MIA2016-12-24,2016-12-24,15,MIA,233,261
463,2016-12-24,2016,16,MIN,25.0,38.0,-13.0,GB,MIN2016-12-24,2016-12-24,15,MIN,382,93
464,2016-12-24,2016,16,NE,41.0,3.0,38.0,NE,NE2016-12-24,2016-12-24,15,NE,220,114
465,2016-12-24,2016,16,NO,31.0,24.0,7.0,NO,NO2016-12-24,2016-12-24,15,NO,299,123
466,2016-12-24,2016,16,NYJ,3.0,41.0,-38.0,NE,NYJ2016-12-24,2016-12-24,15,NYJ,136,111
467,2016-12-24,2016,16,OAK,33.0,25.0,8.0,OAK,OAK2016-12-24,2016-12-24,15,OAK,261,210
468,2016-12-24,2016,16,SDG,17.0,20.0,-3.0,CLE,SDG2016-12-24,2016-12-24,15,SDG,322,34
469,2016-12-24,2016,16,SEA,31.0,34.0,-3.0,SEA,SEA2016-12-24,2016-12-24,15,SEA,350,78
470,2016-12-24,2016,16,SF,22.0,21.0,1.0,LAR,SF2016-12-24,2016-12-24,15,SF,266,70
471,2016-12-24,2016,16,TB,24.0,31.0,-7.0,NO,TB2016-12-24,2016-12-24,15,TB,277,89
472,2016-12-24,2016,16,TEN,17.0,38.0,-21.0,JAX,TEN2016-12-24,2016-12-24,15,TEN,223,58
473,2016-12-24,2016,16,WAS,41.0,21.0,20.0,CHI,WAS2016-12-24,2016-12-24,15,WAS,270,208
474,2016-12-25,2016,16,BAL,27.0,31.0,-4.0,PIT,BAL2016-12-25,2016-12-25,15,BAL,262,122
475,2016-12-25,2016,16,DEN,10.0,33.0,-23.0,KC,DEN2016-12-25,2016-12-25,15,DEN,183,63
476,2016-12-25,2016,16,KC,33.0,10.0,23.0,KC,KC2016-12-25,2016-12-25,15,KC,246,238
477,2016-12-25,2016,16,PIT,31.0,27.0,4.0,PIT,PIT2016-12-25,2016-12-25,15,PIT,279,127
478,2016-12-26,2016,16,DAL,42.0,21.0,21.0,DAL,DAL2016-12-26,2016-12-26,15,DAL,222,164
479,2016-12-26,2016,16,DET,21.0,42.0,-21.0,DAL,DET2016-12-26,2016-12-26,15,DET,260,90
480,2017-01-01,2016,17,ARI,44.0,6.0,38.0,LAR,ARI2017-01-01,2017-01-01,16,ARI,263,84
481,2017-01-01,2016,17,ATL,38.0,32.0,6.0,ATL,ATL2017-01-01,2017-01-01,16,ATL,331,142
482,2017-01-01,2016,17,BAL,10.0,27.0,-17.0,CIN,BAL2017-01-01,2017-01-01,16,BAL,279,72
483,2017-01-01,2016,17,BUF,10.0,30.0,-20.0,NYJ,BUF2017-01-01,2017-01-01,16,BUF,182,68
484,2017-01-01,2016,17,CAR,16.0,17.0,-1.0,TB,CAR2017-01-01,2017-01-01,16,CAR,237,128
485,2017-01-01,2016,17,CHI,10.0,38.0,-28.0,MIN,CHI2017-01-01,2017-01-01,16,CHI,149,183
486,2017-01-01,2016,17,CIN,27.0,10.0,17.0,CIN,CIN2017-01-01,2017-01-01,16,CIN,226,153
487,2017-01-01,2016,17,CLE,24.0,27.0,-3.0,PIT,CLE2017-01-01,2017-01-01,16,CLE,232,231
488,2017-01-01,2016,17,DAL,13.0,27.0,-14.0,PHI,DAL2017-01-01,2017-01-01,16,DAL,151,69
489,2017-01-01,2016,17,DEN,24.0,6.0,18.0,DEN,DEN2017-01-01,2017-01-01,16,DEN,206,143
490,2017-01-01,2016,17,DET,24.0,31.0,-7.0,DET,DET2017-01-01,2017-01-01,16,DET,347,76
491,2017-01-01,2016,17,GB,31.0,24.0,7.0,DET,GB2017-01-01,2017-01-01,16,GB,300,153
492,2017-01-01,2016,17,HOU,17.0,24.0,-7.0,TEN,HOU2017-01-01,2017-01-01,16,HOU,278,46
493,2017-01-01,2016,17,IND,24.0,20.0,4.0,IND,IND2017-01-01,2017-01-01,16,IND,321,94
494,2017-01-01,2016,17,JAX,20.0,24.0,-4.0,IND,JAX2017-01-01,2017-01-01,16,JAX,301,182
495,2017-01-01,2016,17,KC,37.0,27.0,10.0,SDG,KC2017-01-01,2017-01-01,16,KC,264,103
496,2017-01-01,2016,17,LAR,6.0,44.0,-38.0,LAR,LAR2017-01-01,2017-01-01,16,LAR,143,52
497,2017-01-01,2016,17,MIA,14.0,35.0,-21.0,MIA,MIA2017-01-01,2017-01-01,16,MIA,205,75
498,2017-01-01,2016,17,MIN,38.0,10.0,28.0,MIN,MIN2017-01-01,2017-01-01,16,MIN,250,124
499,2017-01-01,2016,17,NE,35.0,14.0,21.0,MIA,NE2017-01-01,2017-01-01,16,NE,276,120
500,2017-01-01,2016,17,NO,32.0,38.0,-6.0,ATL,NO2017-01-01,2017-01-01,16,NO,350,132
501,2017-01-01,2016,17,NYG,19.0,10.0,9.0,WAS,NYG2017-01-01,2017-01-01,16,NYG,180,161
502,2017-01-01,2016,17,NYJ,30.0,10.0,20.0,NYJ,NYJ2017-01-01,2017-01-01,16,NYJ,210,127
503,2017-01-01,2016,17,OAK,6.0,24.0,-18.0,DEN,OAK2017-01-01,2017-01-01,16,OAK,171,57
504,2017-01-01,2016,17,PHI,27.0,13.0,14.0,PHI,PHI2017-01-01,2017-01-01,16,PHI,245,114
505,2017-01-01,2016,17,PIT,27.0,24.0,3.0,PIT,PIT2017-01-01,2017-01-01,16,PIT,277,69
506,2017-01-01,2016,17,SDG,27.0,37.0,-10.0,SDG,SDG2017-01-01,2017-01-01,16,SDG,269,129
507,2017-01-01,2016,17,SEA,25.0,23.0,2.0,SF,SEA2017-01-01,2017-01-01,16,SEA,300,87
508,2017-01-01,2016,17,SF,23.0,25.0,-2.0,SF,SF2017-01-01,2017-01-01,16,SF,215,62
509,2017-01-01,2016,17,TB,17.0,16.0,1.0,TB,TB2017-01-01,2017-01-01,16,TB,202,112
510,2017-01-01,2016,17,TEN,24.0,17.0,7.0,TEN,TEN2017-01-01,2017-01-01,16,TEN,150,103
511,2017-01-01,2016,17,WAS,10.0,19.0,-9.0,WAS,WAS2017-01-01,2017-01-01,16,WAS,287,38
