,schedule_date,schedule_season,schedule_week,team_x,score,opponent_score,margin,home_team,id,game_number,team_y,passing_yards,rushing_yards
0,2016-09-08,2016,1,CAR,20.0,21.0,-1.0,DEN,2016CAR1,1,CAR,194,157
1,2016-09-08,2016,1,DEN,21.0,20.0,1.0,DEN,2016DEN1,1,DEN,178,148
2,2016-09-11,2016,1,ARI,21.0,23.0,-2.0,ARI,2016ARI1,1,ARI,271,92
3,2016-09-11,2016,1,ATL,24.0,31.0,-7.0,ATL,2016ATL1,1,ATL,334,52
4,2016-09-11,2016,1,BAL,13.0,7.0,6.0,BAL,2016BAL1,1,BAL,258,83
5,2016-09-11,2016,1,BUF,7.0,13.0,-6.0,BAL,2016BUF1,1,BUF,111,65
6,2016-09-11,2016,1,CHI,14.0,23.0,-9.0,HOU,2016CHI1,1,CHI,216,73
7,2016-09-11,2016,1,CIN,23.0,22.0,1.0,NYJ,2016CIN1,1,CIN,366,57
8,2016-09-11,2016,1,CLE,10.0,29.0,-19.0,PHI,2016CLE1,1,CLE,190,120
9,2016-09-11,2016,1,DAL,19.0,20.0,-1.0,DAL,2016DAL1,1,DAL,227,101
10,2016-09-11,2016,1,DET,39.0,35.0,4.0,IND,2016DET1,1,DET,340,116
11,2016-09-11,2016,1,HOU,23.0,14.0,9.0,HOU,2016HOU1,1,HOU,231,129
12,2016-09-11,2016,1,IND,35.0,39.0,-4.0,IND,2016IND1,1,IND,385,82
13,2016-09-11,2016,1,JAX,23.0,27.0,-4.0,JAX,2016JAX1,1,JAX,320,48
14,2016-09-11,2016,1,MIA,10.0,12.0,-2.0,SEA,2016MIA1,1,MIA,186,64
15,2016-09-11,2016,1,MIN,25.0,16.0,9.0,TEN,2016MIN1,1,MIN,236,65
16,2016-09-11,2016,1,NYG,20.0,19.0,1.0,DAL,2016NYG1,1,NYG,207,113
17,2016-09-11,2016,1,NYJ,22.0,23.0,-1.0,NYJ,2016NYJ1,1,NYJ,189,152
18,2016-09-11,2016,1,OAK,35.0,34.0,1.0,NO,2016OAK1,1,OAK,319,167
19,2016-09-11,2016,1,PHI,29.0,10.0,19.0,PHI,2016PHI1,1,PHI,278,133
20,2016-09-11,2016,1,SEA,12.0,10.0,2.0,SEA,2016SEA1,1,SEA,258,112
21,2016-09-11,2016,1,TEN,16.0,25.0,-9.0,TEN,2016TEN1,1,TEN,271,64
22,2016-09-12,2016,1,LAR,0.0,28.0,-28.0,SF,2016LAR1,1,LAR,130,65
23,2016-09-12,2016,1,PIT,38.0,16.0,22.0,WAS,2016PIT1,1,PIT,300,147
24,2016-09-12,2016,1,WAS,16.0,38.0,-22.0,WAS,2016WAS1,1,WAS,329,55
25,2016-09-15,2016,2,BUF,31.0,37.0,-6.0,BUF,2016BUF2,2,BUF,307,86
26,2016-09-15,2016,2,NYJ,37.0,31.0,6.0,BUF,2016NYJ2,2,NYJ,374,123
27,2016-09-18,2016,2,ARI,40.0,7.0,33.0,ARI,2016ARI2,2,ARI,315,105
28,2016-09-18,2016,2,ATL,35.0,28.0,7.0,OAK,2016ATL2,2,ATL,396,139
29,2016-09-18,2016,2,BAL,25.0,20.0,5.0,CLE,2016BAL2,2,BAL,302,80
30,2016-09-18,2016,2,CAR,46.0,27.0,19.0,CAR,2016CAR2,2,CAR,353,176
31,2016-09-18,2016,2,CIN,16.0,24.0,-8.0,PIT,2016CIN2,2,CIN,366,46
32,2016-09-18,2016,2,CLE,20.0,25.0,-5.0,CLE,2016CLE2,2,CLE,260,145
33,2016-09-18,2016,2,DAL,27.0,23.0,4.0,WAS,2016DAL2,2,DAL,292,102
34,2016-09-18,2016,2,DEN,34.0,20.0,14.0,DEN,2016DEN2,2,DEN,266,134
35,2016-09-18,2016,2,DET,15.0,16.0,-1.0,DET,2016DET2,2,DET,260,137
36,2016-09-18,2016,2,HOU,19.0,12.0,7.0,HOU,2016HOU2,2,HOU,268,97
37,2016-09-18,2016,2,IND,20.0,34.0,-14.0,DEN,2016IND2,2,IND,197,83
38,2016-09-18,2016,2,JAX,14.0,38.0,-24.0,LAC,2016JAX2,2,JAX,329,69
39,2016-09-18,2016,2,LAR,9.0,3.0,6.0,LAR,2016LAR2,2,LAR,239,64
40,2016-09-18,2016,2,MIA,24.0,31.0,-7.0,NE,2016MIA2,2,MIA,387,70
41,2016-09-18,2016,2,MIN,17.0,14.0,3.0,MIN,2016MIN2,2,MIN,286,30
42,2016-09-18,2016,2,NYG,16.0,13.0,3.0,NYG,2016NYG2,2,NYG,368,64
43,2016-09-18,2016,2,OAK,28.0,35.0,-7.0,OAK,2016OAK2,2,OAK,299,155
44,2016-09-18,2016,2,PIT,24.0,16.0,8.0,PIT,2016PIT2,2,PIT,259,124
45,2016-09-18,2016,2,SEA,3.0,9.0,-6.0,LAR,2016SEA2,2,SEA,254,67
46,2016-09-18,2016,2,TEN,16.0,15.0,1.0,DET,2016TEN2,2,TEN,238,139
47,2016-09-18,2016,2,WAS,23.0,27.0,-4.0,WAS,2016WAS2,2,WAS,364,82
48,2016-09-19,2016,2,CHI,14.0,29.0,-15.0,CHI,2016CHI2,2,CHI,235,64
49,2016-09-19,2016,2,PHI,29.0,14.0,15.0,CHI,2016PHI2,2,PHI,190,100
50,2016-09-22,2016,3,HOU,0.0,27.0,-27.0,NE,2016HOU3,3,HOU,196,109
51,2016-09-25,2016,3,ARI,18.0,33.0,-15.0,BUF,2016ARI3,3,ARI,287,88
52,2016-09-25,2016,3,BAL,19.0,17.0,2.0,JAX,2016BAL3,3,BAL,214,84
53,2016-09-25,2016,3,BUF,33.0,18.0,15.0,BUF,2016BUF3,3,BUF,119,208
54,2016-09-25,2016,3,CAR,10.0,22.0,-12.0,CAR,2016CAR3,3,CAR,265,105
55,2016-09-25,2016,3,CHI,17.0,31.0,-14.0,DAL,2016CHI3,3,CHI,317,78
56,2016-09-25,2016,3,CIN,17.0,29.0,-12.0,CIN,2016CIN3,3,CIN,206,143
57,2016-09-25,2016,3,CLE,24.0,30.0,-6.0,MIA,2016CLE3,3,CLE,279,169
58,2016-09-25,2016,3,DAL,31.0,17.0,14.0,DAL,2016DAL3,3,DAL,248,199
59,2016-09-25,2016,3,DEN,29.0,17.0,12.0,CIN,2016DEN3,3,DEN,312,52
60,2016-09-25,2016,3,DET,27.0,34.0,-7.0,GB,2016DET3,3,DET,385,50
61,2016-09-25,2016,3,IND,26.0,22.0,4.0,IND,2016IND3,3,IND,331,93
62,2016-09-25,2016,3,JAX,17.0,19.0,-2.0,JAX,2016JAX3,3,JAX,194,48
63,2016-09-25,2016,3,LAR,37.0,32.0,5.0,TB,2016LAR3,3,LAR,190,137
64,2016-09-25,2016,3,MIA,30.0,24.0,6.0,MIA,2016MIA3,3,MIA,319,115
65,2016-09-25,2016,3,MIN,22.0,10.0,12.0,CAR,2016MIN3,3,MIN,171,58
66,2016-09-25,2016,3,NYG,27.0,29.0,-2.0,NYG,2016NYG3,3,NYG,350,120
67,2016-09-25,2016,3,NYJ,3.0,24.0,-21.0,KC,2016NYJ3,3,NYJ,188,117
68,2016-09-25,2016,3,OAK,17.0,10.0,7.0,TEN,2016OAK3,3,OAK,249,123
69,2016-09-25,2016,3,PHI,34.0,3.0,31.0,PHI,2016PHI3,3,PHI,301,125
70,2016-09-25,2016,3,PIT,3.0,34.0,-31.0,PHI,2016PIT3,3,PIT,257,29
71,2016-09-25,2016,3,SEA,37.0,18.0,19.0,SEA,2016SEA3,3,SEA,308,127
72,2016-09-25,2016,3,TEN,10.0,17.0,-7.0,TEN,2016TEN3,3,TEN,214,181
73,2016-09-25,2016,3,WAS,29.0,27.0,2.0,NYG,2016WAS3,3,WAS,327,90
74,2016-09-26,2016,3,ATL,45.0,32.0,13.0,NO,2016ATL3,3,ATL,240,217
75,2016-09-29,2016,4,CIN,22.0,7.0,15.0,CIN,2016CIN4,4,CIN,296,77
76,2016-09-29,2016,4,MIA,7.0,22.0,-15.0,CIN,2016MIA4,4,MIA,189,62
77,2016-10-02,2016,4,ARI,13.0,17.0,-4.0,ARI,2016ARI4,4,ARI,325,118
78,2016-10-02,2016,4,ATL,48.0,33.0,15.0,ATL,2016ATL4,4,ATL,503,90
79,2016-10-02,2016,4,BAL,27.0,28.0,-1.0,BAL,2016BAL4,4,BAL,298,130
80,2016-10-02,2016,4,BUF,16.0,0.0,16.0,NE,2016BUF4,4,BUF,246,134
81,2016-10-02,2016,4,CAR,33.0,48.0,-15.0,ATL,2016CAR4,4,CAR,337,49
82,2016-10-02,2016,4,CHI,17.0,14.0,3.0,CHI,2016CHI4,4,CHI,302,114
83,2016-10-02,2016,4,CLE,20.0,31.0,-11.0,WAS,2016CLE4,4,CLE,223,163
84,2016-10-02,2016,4,DAL,24.0,17.0,7.0,SF,2016DAL4,4,DAL,245,194
85,2016-10-02,2016,4,DEN,27.0,7.0,20.0,TB,2016DEN4,4,DEN,238,89
86,2016-10-02,2016,4,DET,14.0,17.0,-3.0,CHI,2016DET4,4,DET,213,66
87,2016-10-02,2016,4,HOU,27.0,20.0,7.0,HOU,2016HOU4,4,HOU,254,115
88,2016-10-02,2016,4,IND,27.0,30.0,-3.0,JAX,2016IND4,4,IND,234,94
89,2016-10-02,2016,4,JAX,30.0,27.0,3.0,JAX,2016JAX4,4,JAX,207,136
90,2016-10-02,2016,4,LAR,17.0,13.0,4.0,ARI,2016LAR4,4,LAR,266,41
91,2016-10-02,2016,4,NYJ,17.0,27.0,-10.0,NYJ,2016NYJ4,4,NYJ,261,58
92,2016-10-02,2016,4,OAK,28.0,27.0,1.0,BAL,2016OAK4,4,OAK,199,62
93,2016-10-02,2016,4,PIT,43.0,14.0,29.0,PIT,2016PIT4,4,PIT,300,149
94,2016-10-02,2016,4,SEA,27.0,17.0,10.0,NYJ,2016SEA4,4,SEA,309,66
95,2016-10-02,2016,4,TEN,20.0,27.0,-7.0,HOU,2016TEN4,4,TEN,202,124
96,2016-10-02,2016,4,WAS,31.0,20.0,11.0,WAS,2016WAS4,4,WAS,183,145
97,2016-10-03,2016,4,MIN,24.0,10.0,14.0,MIN,2016MIN4,4,MIN,262,104
98,2016-10-03,2016,4,NYG,10.0,24.0,-14.0,MIN,2016NYG4,4,NYG,261,78
99,2016-10-06,2016,5,ARI,33.0,21.0,12.0,SF,2016ARI5,5,ARI,124,172
100,2016-10-09,2016,5,ATL,23.0,16.0,7.0,DEN,2016ATL5,5,ATL,267,122
101,2016-10-09,2016,5,BAL,10.0,16.0,-6.0,BAL,2016BAL5,5,BAL,210,118
102,2016-10-09,2016,5,BUF,30.0,19.0,11.0,LAR,2016BUF5,5,BUF,124,193
103,2016-10-09,2016,5,CHI,23.0,29.0,-6.0,IND,2016CHI5,5,CHI,397,125
104,2016-10-09,2016,5,CIN,14.0,28.0,-14.0,DAL,2016CIN5,5,CIN,269,96
105,2016-10-09,2016,5,CLE,13.0,33.0,-20.0,CLE,2016CLE5,5,CLE,249,27
106,2016-10-09,2016,5,DAL,28.0,14.0,14.0,DAL,2016DAL5,5,DAL,227,180
107,2016-10-09,2016,5,DEN,16.0,23.0,-7.0,DEN,2016DEN5,5,DEN,223,84
108,2016-10-09,2016,5,DET,24.0,23.0,1.0,DET,2016DET5,5,DET,180,80
109,2016-10-09,2016,5,HOU,13.0,31.0,-18.0,MIN,2016HOU5,5,HOU,184,59
110,2016-10-09,2016,5,IND,29.0,23.0,6.0,IND,2016IND5,5,IND,322,98
111,2016-10-09,2016,5,LAR,19.0,30.0,-11.0,LAR,2016LAR5,5,LAR,271,102
112,2016-10-09,2016,5,MIA,17.0,30.0,-13.0,MIA,2016MIA5,5,MIA,191,51
113,2016-10-09,2016,5,MIN,31.0,13.0,18.0,MIN,2016MIN5,5,MIN,271,96
114,2016-10-09,2016,5,NYG,16.0,23.0,-7.0,GB,2016NYG5,5,NYG,199,43
115,2016-10-09,2016,5,NYJ,13.0,31.0,-18.0,PIT,2016NYJ5,5,NYJ,255,72
116,2016-10-09,2016,5,OAK,34.0,31.0,3.0,OAK,2016OAK5,5,OAK,317,89
117,2016-10-09,2016,5,PHI,23.0,24.0,-1.0,DET,2016PHI5,5,PHI,179,94
118,2016-10-09,2016,5,PIT,31.0,13.0,18.0,PIT,2016PIT5,5,PIT,380,61
119,2016-10-09,2016,5,TEN,30.0,17.0,13.0,MIA,2016TEN5,5,TEN,163,235
120,2016-10-09,2016,5,WAS,16.0,10.0,6.0,BAL,2016WAS5,5,WAS,260,60
121,2016-10-10,2016,5,CAR,14.0,17.0,-3.0,CAR,2016CAR5,5,CAR,278,136
122,2016-10-13,2016,6,DEN,13.0,21.0,-8.0,LAC,2016DEN6,6,DEN,230,84
123,2016-10-16,2016,6,ATL,24.0,26.0,-2.0,SEA,2016ATL6,6,ATL,335,52
124,2016-10-16,2016,6,BAL,23.0,27.0,-4.0,NYG,2016BAL6,6,BAL,307,98
125,2016-10-16,2016,6,BUF,45.0,16.0,29.0,BUF,2016BUF6,6,BUF,179,313
126,2016-10-16,2016,6,CAR,38.0,41.0,-3.0,NO,2016CAR6,6,CAR,322,103
127,2016-10-16,2016,6,CHI,16.0,17.0,-1.0,CHI,2016CHI6,6,CHI,302,92
128,2016-10-16,2016,6,CIN,17.0,35.0,-18.0,NE,2016CIN6,6,CIN,254,120
129,2016-10-16,2016,6,CLE,26.0,28.0,-2.0,TEN,2016CLE6,6,CLE,337,40
130,2016-10-16,2016,6,DAL,30.0,16.0,14.0,GB,2016DAL6,6,DAL,247,191
131,2016-10-16,2016,6,DET,31.0,28.0,3.0,DET,2016DET6,6,DET,270,83
132,2016-10-16,2016,6,HOU,26.0,23.0,3.0,HOU,2016HOU6,6,HOU,269,158
133,2016-10-16,2016,6,IND,23.0,26.0,-3.0,HOU,2016IND6,6,IND,252,161
134,2016-10-16,2016,6,JAX,17.0,16.0,1.0,CHI,2016JAX6,6,JAX,246,105
135,2016-10-16,2016,6,LAR,28.0,31.0,-3.0,DET,2016LAR6,6,LAR,321,76
136,2016-10-16,2016,6,MIA,30.0,15.0,15.0,MIA,2016MIA6,6,MIA,252,222
137,2016-10-16,2016,6,NYG,27.0,23.0,4.0,NYG,2016NYG6,6,NYG,403,38
138,2016-10-16,2016,6,OAK,10.0,26.0,-16.0,OAK,2016OAK6,6,OAK,225,64
139,2016-10-16,2016,6,PHI,20.0,27.0,-7.0,WAS,2016PHI6,6,PHI,138,101
140,2016-10-16,2016,6,PIT,15.0,30.0,-15.0,MIA,2016PIT6,6,PIT,189,128
141,2016-10-16,2016,6,SEA,26.0,24.0,2.0,SEA,2016SEA6,6,SEA,225,52
142,2016-10-16,2016,6,TEN,28.0,26.0,2.0,TEN,2016TEN6,6,TEN,284,137
143,2016-10-16,2016,6,WAS,27.0,20.0,7.0,WAS,2016WAS6,6,WAS,263,230
144,2016-10-17,2016,6,ARI,28.0,3.0,25.0,ARI,2016ARI6,6,ARI,225,171
145,2016-10-17,2016,6,NYJ,3.0,28.0,-25.0,ARI,2016NYJ6,6,NYJ,205,33
146,2016-10-20,2016,7,CHI,10.0,26.0,-16.0,GB,2016CHI7,7,CHI,130,69
147,2016-10-23,2016,7,ARI,6.0,6.0,0.0,ARI,2016ARI7,7,ARI,342,132
148,2016-10-23,2016,7,ATL,30.0,33.0,-3.0,ATL,2016ATL7,7,ATL,273,130
149,2016-10-23,2016,7,BAL,16.0,24.0,-8.0,NYJ,2016BAL7,7,BAL,248,11
150,2016-10-23,2016,7,BUF,25.0,28.0,-3.0,MIA,2016BUF7,7,BUF,221,67
151,2016-10-23,2016,7,CIN,31.0,17.0,14.0,CIN,2016CIN7,7,CIN,308,271
152,2016-10-23,2016,7,CLE,17.0,31.0,-14.0,CIN,2016CLE7,7,CLE,182,180
153,2016-10-23,2016,7,DET,20.0,17.0,3.0,DET,2016DET7,7,DET,266,94
154,2016-10-23,2016,7,IND,34.0,26.0,8.0,TEN,2016IND7,7,IND,353,81
155,2016-10-23,2016,7,JAX,16.0,33.0,-17.0,JAX,2016JAX7,7,JAX,337,48
156,2016-10-23,2016,7,LAR,10.0,17.0,-7.0,LAR,2016LAR7,7,LAR,291,74
157,2016-10-23,2016,7,MIA,28.0,25.0,3.0,MIA,2016MIA7,7,MIA,204,256
158,2016-10-23,2016,7,MIN,10.0,21.0,-11.0,PHI,2016MIN7,7,MIN,228,57
159,2016-10-23,2016,7,NYG,17.0,10.0,7.0,LAR,2016NYG7,7,NYG,196,36
160,2016-10-23,2016,7,NYJ,24.0,16.0,8.0,NYJ,2016NYJ7,7,NYJ,215,155
161,2016-10-23,2016,7,OAK,33.0,16.0,17.0,JAX,2016OAK7,7,OAK,200,144
162,2016-10-23,2016,7,PHI,21.0,10.0,11.0,PHI,2016PHI7,7,PHI,202,97
163,2016-10-23,2016,7,PIT,16.0,27.0,-11.0,PIT,2016PIT7,7,PIT,281,94
164,2016-10-23,2016,7,SEA,6.0,6.0,0.0,ARI,2016SEA7,7,SEA,296,74
165,2016-10-23,2016,7,TEN,26.0,34.0,-8.0,TEN,2016TEN7,7,TEN,232,124
166,2016-10-23,2016,7,WAS,17.0,20.0,-3.0,DET,2016WAS7,7,WAS,301,130
167,2016-10-24,2016,7,DEN,27.0,9.0,18.0,DEN,2016DEN7,7,DEN,157,190
168,2016-10-24,2016,7,HOU,9.0,27.0,-18.0,DEN,2016HOU7,7,HOU,131,140
169,2016-10-27,2016,8,JAX,22.0,36.0,-14.0,TEN,2016JAX8,8,JAX,252,205
170,2016-10-27,2016,8,TEN,36.0,22.0,14.0,TEN,2016TEN8,8,TEN,280,214
171,2016-10-30,2016,8,ARI,20.0,30.0,-10.0,CAR,2016ARI8,8,ARI,363,24
172,2016-10-30,2016,8,ATL,33.0,32.0,1.0,ATL,2016ATL8,8,ATL,288,90
173,2016-10-30,2016,8,BUF,25.0,41.0,-16.0,BUF,2016BUF8,8,BUF,218,167
174,2016-10-30,2016,8,CAR,30.0,20.0,10.0,CAR,2016CAR8,8,CAR,225,59
175,2016-10-30,2016,8,CIN,27.0,27.0,0.0,CIN,2016CIN8,8,CIN,284,152
176,2016-10-30,2016,8,CLE,28.0,31.0,-3.0,CLE,2016CLE8,8,CLE,345,68
177,2016-10-30,2016,8,DAL,29.0,23.0,6.0,DAL,2016DAL8,8,DAL,255,168
178,2016-10-30,2016,8,DEN,27.0,19.0,8.0,DEN,2016DEN8,8,DEN,276,57
179,2016-10-30,2016,8,DET,13.0,20.0,-7.0,HOU,2016DET8,8,DET,240,58
180,2016-10-30,2016,8,HOU,20.0,13.0,7.0,HOU,2016HOU8,8,HOU,186,105
181,2016-10-30,2016,8,IND,14.0,30.0,-16.0,IND,2016IND8,8,IND,210,105
182,2016-10-30,2016,8,NYJ,31.0,28.0,3.0,CLE,2016NYJ8,8,NYJ,228,171
183,2016-10-30,2016,8,OAK,30.0,24.0,6.0,TB,2016OAK8,8,OAK,513,128
184,2016-10-30,2016,8,PHI,23.0,29.0,-6.0,DAL,2016PHI8,8,PHI,364,96
185,2016-10-30,2016,8,SEA,20.0,25.0,-5.0,NO,2016SEA8,8,SEA,282,33
186,2016-10-30,2016,8,WAS,27.0,27.0,0.0,CIN,2016WAS8,8,WAS,458,100
187,2016-10-31,2016,8,CHI,20.0,10.0,10.0,CHI,2016CHI8,8,CHI,252,158
188,2016-10-31,2016,8,MIN,10.0,20.0,-10.0,CHI,2016MIN8,8,MIN,273,78
189,2016-11-03,2016,9,ATL,43.0,28.0,15.0,TB,2016ATL9,9,ATL,344,136
190,2016-11-06,2016,9,BAL,21.0,14.0,7.0,BAL,2016BAL9,9,BAL,296,119
191,2016-11-06,2016,9,CAR,13.0,10.0,3.0,LAR,2016CAR9,9,CAR,261,99
192,2016-11-06,2016,9,CLE,10.0,35.0,-25.0,CLE,2016CLE9,9,CLE,203,45
193,2016-11-06,2016,9,DAL,35.0,10.0,25.0,CLE,2016DAL9,9,DAL,319,127
194,2016-11-06,2016,9,DEN,20.0,30.0,-10.0,OAK,2016DEN9,9,DEN,283,33
195,2016-11-06,2016,9,DET,22.0,16.0,6.0,MIN,2016DET9,9,DET,219,97
196,2016-11-06,2016,9,IND,31.0,26.0,5.0,GB,2016IND9,9,IND,281,85
197,2016-11-06,2016,9,JAX,14.0,19.0,-5.0,KC,2016JAX9,9,JAX,265,80
198,2016-11-06,2016,9,LAR,10.0,13.0,-3.0,LAR,2016LAR9,9,LAR,165,125
199,2016-11-06,2016,9,MIA,27.0,23.0,4.0,MIA,2016MIA9,9,MIA,240,106
200,2016-11-06,2016,9,MIN,16.0,22.0,-6.0,MIN,2016MIN9,9,MIN,307,47
201,2016-11-06,2016,9,NYG,28.0,23.0,5.0,NYG,2016NYG9,9,NYG,240,122
202,2016-11-06,2016,9,NYJ,23.0,27.0,-4.0,MIA,2016NYJ9,9,NYJ,213,140
203,2016-11-06,2016,9,OAK,30.0,20.0,10.0,OAK,2016OAK9,9,OAK,184,218
204,2016-11-06,2016,9,PHI,23.0,28.0,-5.0,NYG,2016PHI9,9,PHI,231,208
205,2016-11-06,2016,9,PIT,14.0,21.0,-7.0,BAL,2016PIT9,9,PIT,408,48
206,2016-11-06,2016,9,TEN,35.0,43.0,-8.0,LAC,2016TEN9,9,TEN,313,80
207,2016-11-07,2016,9,BUF,25.0,31.0,-6.0,SEA,2016BUF9,9,BUF,289,162
208,2016-11-07,2016,9,SEA,31.0,25.0,6.0,SEA,2016SEA9,9,SEA,348,96
209,2016-11-10,2016,10,BAL,28.0,7.0,21.0,BAL,2016BAL10,10,BAL,269,101
210,2016-11-10,2016,10,CLE,7.0,28.0,-21.0,BAL,2016CLE10,10,CLE,150,33
211,2016-11-13,2016,10,ARI,23.0,20.0,3.0,ARI,2016ARI10,10,ARI,198,135
212,2016-11-13,2016,10,ATL,15.0,24.0,-9.0,PHI,2016ATL10,10,ATL,267,48
213,2016-11-13,2016,10,CAR,17.0,20.0,-3.0,CAR,2016CAR10,10,CAR,192,50
214,2016-11-13,2016,10,CHI,10.0,36.0,-26.0,TB,2016CHI10,10,CHI,252,93
215,2016-11-13,2016,10,DAL,35.0,30.0,5.0,PIT,2016DAL10,10,DAL,301,118
216,2016-11-13,2016,10,DEN,25.0,23.0,2.0,NO,2016DEN10,10,DEN,258,103
217,2016-11-13,2016,10,HOU,24.0,21.0,3.0,JAX,2016HOU10,10,HOU,243,124
218,2016-11-13,2016,10,JAX,21.0,24.0,-3.0,JAX,2016JAX10,10,JAX,202,83
219,2016-11-13,2016,10,LAR,9.0,6.0,3.0,NYJ,2016LAR10,10,LAR,134,102
220,2016-11-13,2016,10,MIA,31.0,24.0,7.0,LAC,2016MIA10,10,MIA,172,98
221,2016-11-13,2016,10,MIN,20.0,26.0,-6.0,WAS,2016MIN10,10,MIN,169,72
222,2016-11-13,2016,10,NYJ,6.0,9.0,-3.0,NYJ,2016NYJ10,10,NYJ,163,139
223,2016-11-13,2016,10,PHI,24.0,15.0,9.0,PHI,2016PHI10,10,PHI,218,113
224,2016-11-13,2016,10,PIT,30.0,35.0,-5.0,PIT,2016PIT10,10,PIT,167,146
225,2016-11-13,2016,10,SEA,31.0,24.0,7.0,NE,2016SEA10,10,SEA,287,152
226,2016-11-13,2016,10,TEN,47.0,25.0,22.0,TEN,2016TEN10,10,TEN,305,154
227,2016-11-13,2016,10,WAS,26.0,20.0,6.0,WAS,2016WAS10,10,WAS,375,151
228,2016-11-14,2016,10,CIN,20.0,21.0,-1.0,NYG,2016CIN10,10,CIN,207,93
229,2016-11-14,2016,10,NYG,21.0,20.0,1.0,NYG,2016NYG10,10,NYG,227,102
230,2016-11-17,2016,11,CAR,23.0,20.0,3.0,CAR,2016CAR11,11,CAR,246,129
231,2016-11-20,2016,11,ARI,24.0,30.0,-6.0,MIN,2016ARI11,11,ARI,289,58
232,2016-11-20,2016,11,BAL,17.0,27.0,-10.0,DAL,2016BAL11,11,BAL,234,92
233,2016-11-20,2016,11,BUF,16.0,12.0,4.0,CIN,2016BUF11,11,BUF,166,153
234,2016-11-20,2016,11,CHI,16.0,22.0,-6.0,NYG,2016CHI11,11,CHI,316,95
235,2016-11-20,2016,11,CIN,12.0,16.0,-4.0,CIN,2016CIN11,11,CIN,283,64
236,2016-11-20,2016,11,CLE,9.0,24.0,-15.0,CLE,2016CLE11,11,CLE,246,33
237,2016-11-20,2016,11,DAL,27.0,17.0,10.0,DAL,2016DAL11,11,DAL,195,163
238,2016-11-20,2016,11,DET,26.0,19.0,7.0,DET,2016DET11,11,DET,232,94
239,2016-11-20,2016,11,IND,24.0,17.0,7.0,IND,2016IND11,11,IND,240,91
240,2016-11-20,2016,11,JAX,19.0,26.0,-7.0,DET,2016JAX11,11,JAX,126,183
241,2016-11-20,2016,11,LAR,10.0,14.0,-4.0,LAR,2016LAR11,11,LAR,214,69
242,2016-11-20,2016,11,MIA,14.0,10.0,4.0,LAR,2016MIA11,11,MIA,285,95
243,2016-11-20,2016,11,MIN,30.0,24.0,6.0,MIN,2016MIN11,11,MIN,224,82
244,2016-11-20,2016,11,NYG,22.0,16.0,6.0,NYG,2016NYG11,11,NYG,194,104
245,2016-11-20,2016,11,PHI,15.0,26.0,-11.0,SEA,2016PHI11,11,PHI,254,81
246,2016-11-20,2016,11,PIT,24.0,9.0,15.0,CLE,2016PIT11,11,PIT,221,148
247,2016-11-20,2016,11,SEA,26.0,15.0,11.0,SEA,2016SEA11,11,SEA,151,127
248,2016-11-20,2016,11,TEN,17.0,24.0,-7.0,IND,2016TEN11,11,TEN,290,97
249,2016-11-20,2016,11,WAS,42.0,24.0,18.0,WAS,2016WAS11,11,WAS,449,56
250,2016-11-21,2016,11,HOU,20.0,27.0,-7.0,OAK,2016HOU11,11,HOU,246,114
251,2016-11-21,2016,11,OAK,27.0,20.0,7.0,OAK,2016OAK11,11,OAK,315,56
252,2016-11-24,2016,12,DAL,31.0,26.0,5.0,DAL,2016DAL12,12,DAL,139,140
253,2016-11-24,2016,12,DET,16.0,13.0,3.0,DET,2016DET12,12,DET,341,85
254,2016-11-24,2016,12,IND,7.0,28.0,-21.0,IND,2016IND12,12,IND,289,139
255,2016-11-24,2016,12,MIN,13.0,16.0,-3.0,DET,2016MIN12,12,MIN,253,87
256,2016-11-24,2016,12,PIT,28.0,7.0,21.0,IND,2016PIT12,12,PIT,289,117
257,2016-11-24,2016,12,WAS,26.0,31.0,-5.0,DAL,2016WAS12,12,WAS,271,87
258,2016-11-27,2016,12,ARI,19.0,38.0,-19.0,ATL,2016ARI12,12,ARI,300,88
259,2016-11-27,2016,12,ATL,38.0,19.0,19.0,ATL,2016ATL12,12,ATL,297,128
260,2016-11-27,2016,12,BAL,19.0,14.0,5.0,BAL,2016BAL12,12,BAL,386,110
261,2016-11-27,2016,12,BUF,28.0,21.0,7.0,BUF,2016BUF12,12,BUF,191,212
262,2016-11-27,2016,12,CAR,32.0,35.0,-3.0,OAK,2016CAR12,12,CAR,182,89
263,2016-11-27,2016,12,CHI,21.0,27.0,-6.0,CHI,2016CHI12,12,CHI,192,142
264,2016-11-27,2016,12,CIN,14.0,19.0,-5.0,BAL,2016CIN12,12,CIN,332,80
265,2016-11-27,2016,12,CLE,13.0,27.0,-14.0,CLE,2016CLE12,12,CLE,322,58
266,2016-11-27,2016,12,DEN,27.0,30.0,-3.0,DEN,2016DEN12,12,DEN,104,104
267,2016-11-27,2016,12,HOU,13.0,21.0,-8.0,HOU,2016HOU12,12,HOU,202,123
268,2016-11-27,2016,12,JAX,21.0,28.0,-7.0,BUF,2016JAX12,12,JAX,181,154
269,2016-11-27,2016,12,LAR,21.0,49.0,-28.0,NO,2016LAR12,12,LAR,161,36
270,2016-11-27,2016,12,MIA,31.0,24.0,7.0,MIA,2016MIA12,12,MIA,226,62
271,2016-11-27,2016,12,NYG,27.0,13.0,14.0,CLE,2016NYG12,12,NYG,195,56
272,2016-11-27,2016,12,NYJ,17.0,22.0,-5.0,NYJ,2016NYJ12,12,NYJ,216,36
273,2016-11-27,2016,12,OAK,35.0,32.0,3.0,OAK,2016OAK12,12,OAK,260,139
274,2016-11-27,2016,12,SEA,5.0,14.0,-9.0,TB,2016SEA12,12,SEA,315,240
275,2016-11-27,2016,12,TEN,27.0,21.0,6.0,CHI,2016TEN12,12,TEN,226,149
276,2016-11-28,2016,12,PHI,13.0,27.0,-14.0,PHI,2016PHI12,12,PHI,308,53
277,2016-12-01,2016,13,DAL,17.0,15.0,2.0,MIN,2016DAL13,13,DAL,165,108
278,2016-12-01,2016,13,MIN,15.0,17.0,-2.0,MIN,2016MIN13,13,MIN,292,85
279,2016-12-04,2016,13,ARI,31.0,23.0,8.0,ARI,2016ARI13,13,ARI,145,175
280,2016-12-04,2016,13,ATL,28.0,29.0,-1.0,ATL,2016ATL13,13,ATL,237,66
281,2016-12-04,2016,13,BAL,38.0,6.0,32.0,BAL,2016BAL13,13,BAL,324,42
282,2016-12-04,2016,13,BUF,24.0,38.0,-14.0,OAK,2016BUF13,13,BUF,228,67
283,2016-12-04,2016,13,CAR,7.0,40.0,-33.0,SEA,2016CAR13,13,CAR,160,126
284,2016-12-04,2016,13,CHI,26.0,6.0,20.0,CHI,2016CHI13,13,CHI,212,92
285,2016-12-04,2016,13,CIN,32.0,14.0,18.0,CIN,2016CIN13,13,CIN,180,213
286,2016-12-04,2016,13,DEN,20.0,10.0,10.0,JAX,2016DEN13,13,DEN,350,18
287,2016-12-04,2016,13,DET,28.0,13.0,15.0,NO,2016DET13,13,DET,223,114
288,2016-12-04,2016,13,HOU,13.0,21.0,-8.0,GB,2016HOU13,13,HOU,147,185
289,2016-12-04,2016,13,JAX,10.0,20.0,-10.0,JAX,2016JAX13,13,JAX,257,85
290,2016-12-04,2016,13,LAR,10.0,26.0,-16.0,NE,2016LAR13,13,LAR,235,104
291,2016-12-04,2016,13,MIA,6.0,38.0,-32.0,BAL,2016MIA13,13,MIA,242,83
292,2016-12-04,2016,13,NYG,14.0,24.0,-10.0,PIT,2016NYG13,13,NYG,193,93
293,2016-12-04,2016,13,OAK,38.0,24.0,14.0,OAK,2016OAK13,13,OAK,117,135
294,2016-12-04,2016,13,PHI,14.0,32.0,-18.0,CIN,2016PHI13,13,PHI,314,95
295,2016-12-04,2016,13,PIT,24.0,14.0,10.0,PIT,2016PIT13,13,PIT,220,240
296,2016-12-04,2016,13,SEA,40.0,7.0,33.0,SEA,2016SEA13,13,SEA,240,136
297,2016-12-04,2016,13,WAS,23.0,31.0,-8.0,ARI,2016WAS13,13,WAS,234,107
298,2016-12-05,2016,13,IND,41.0,10.0,31.0,NYJ,2016IND13,13,IND,276,83
299,2016-12-05,2016,13,NYJ,10.0,41.0,-31.0,NYJ,2016NYJ13,13,NYJ,257,188
300,2016-12-08,2016,14,OAK,13.0,21.0,-8.0,KC,2016OAK14,14,OAK,213,145
301,2016-12-11,2016,14,ARI,23.0,26.0,-3.0,MIA,2016ARI14,14,ARI,318,116
302,2016-12-11,2016,14,ATL,42.0,14.0,28.0,LAR,2016ATL14,14,ATL,302,248
303,2016-12-11,2016,14,BUF,20.0,27.0,-7.0,BUF,2016BUF14,14,BUF,174,280
304,2016-12-11,2016,14,CAR,28.0,16.0,12.0,CAR,2016CAR14,14,CAR,300,148
305,2016-12-11,2016,14,CHI,17.0,20.0,-3.0,DET,2016CHI14,14,CHI,362,95
306,2016-12-11,2016,14,CIN,23.0,10.0,13.0,CLE,2016CIN14,14,CIN,157,76
307,2016-12-11,2016,14,CLE,10.0,23.0,-13.0,CLE,2016CLE14,14,CLE,196,107
308,2016-12-11,2016,14,DAL,7.0,10.0,-3.0,NYG,2016DAL14,14,DAL,279,185
309,2016-12-11,2016,14,DEN,10.0,13.0,-3.0,TEN,2016DEN14,14,DEN,282,58
310,2016-12-11,2016,14,DET,20.0,17.0,3.0,DET,2016DET14,14,DET,273,56
311,2016-12-11,2016,14,HOU,22.0,17.0,5.0,IND,2016HOU14,14,HOU,308,79
312,2016-12-11,2016,14,IND,17.0,22.0,-5.0,IND,2016IND14,14,IND,250,161
313,2016-12-11,2016,14,JAX,16.0,25.0,-9.0,JAX,2016JAX14,14,JAX,92,67
314,2016-12-11,2016,14,LAR,14.0,42.0,-28.0,LAR,2016LAR14,14,LAR,167,47
315,2016-12-11,2016,14,MIA,26.0,23.0,3.0,MIA,2016MIA14,14,MIA,236,67
316,2016-12-11,2016,14,MIN,25.0,16.0,9.0,JAX,2016MIN14,14,MIN,291,34
317,2016-12-11,2016,14,NYG,10.0,7.0,3.0,NYG,2016NYG14,14,NYG,201,114
318,2016-12-11,2016,14,NYJ,23.0,17.0,6.0,SF,2016NYJ14,14,NYJ,266,116
319,2016-12-11,2016,14,PHI,22.0,27.0,-5.0,PHI,2016PHI14,14,PHI,170,169
320,2016-12-11,2016,14,PIT,27.0,20.0,7.0,BUF,2016PIT14,14,PIT,286,97
321,2016-12-11,2016,14,SEA,10.0,38.0,-28.0,GB,2016SEA14,14,SEA,229,72
322,2016-12-11,2016,14,TEN,13.0,10.0,3.0,TEN,2016TEN14,14,TEN,241,148
323,2016-12-11,2016,14,WAS,27.0,22.0,5.0,PHI,2016WAS14,14,WAS,315,29
324,2016-12-12,2016,14,BAL,23.0,30.0,-7.0,NE,2016BAL14,14,BAL,206,151
325,2016-12-15,2016,15,LAR,3.0,24.0,-21.0,SEA,2016LAR15,15,LAR,90,99
326,2016-12-15,2016,15,SEA,24.0,3.0,21.0,SEA,2016SEA15,15,SEA,350,78
327,2016-12-17,2016,15,MIA,34.0,13.0,21.0,NYJ,2016MIA15,15,MIA,233,261
328,2016-12-17,2016,15,NYJ,13.0,34.0,-21.0,NYJ,2016NYJ15,15,NYJ,136,111
329,2016-12-18,2016,15,ARI,41.0,48.0,-7.0,ARI,2016ARI15,15,ARI,284,94
330,2016-12-18,2016,15,ATL,41.0,13.0,28.0,ATL,2016ATL15,15,ATL,277,152
331,2016-12-18,2016,15,BAL,27.0,26.0,1.0,BAL,2016BAL15,15,BAL,262,122
332,2016-12-18,2016,15,BUF,33.0,13.0,20.0,BUF,2016BUF15,15,BUF,329,272
333,2016-12-18,2016,15,CHI,27.0,30.0,-3.0,CHI,2016CHI15,15,CHI,323,140
334,2016-12-18,2016,15,CIN,20.0,24.0,-4.0,CIN,2016CIN15,15,CIN,268,50
335,2016-12-18,2016,15,CLE,13.0,33.0,-20.0,BUF,2016CLE15,15,CLE,175,124
336,2016-12-18,2016,15,DAL,26.0,20.0,6.0,DAL,2016DAL15,15,DAL,222,164
337,2016-12-18,2016,15,DEN,3.0,16.0,-13.0,DEN,2016DEN15,15,DEN,183,63
338,2016-12-18,2016,15,DET,6.0,17.0,-11.0,NYG,2016DET15,15,DET,260,90
339,2016-12-18,2016,15,HOU,21.0,20.0,1.0,HOU,2016HOU15,15,HOU,176,95
340,2016-12-18,2016,15,IND,34.0,6.0,28.0,MIN,2016IND15,15,IND,288,102
341,2016-12-18,2016,15,JAX,20.0,21.0,-1.0,HOU,2016JAX15,15,JAX,345,84
342,2016-12-18,2016,15,MIN,6.0,34.0,-28.0,MIN,2016MIN15,15,MIN,382,93
343,2016-12-18,2016,15,NYG,17.0,6.0,11.0,NYG,2016NYG15,15,NYG,356,114
344,2016-12-18,2016,15,OAK,19.0,16.0,3.0,LAC,2016OAK15,15,OAK,261,210
345,2016-12-18,2016,15,PHI,26.0,27.0,-1.0,BAL,2016PHI15,15,PHI,168,118
346,2016-12-18,2016,15,PIT,24.0,20.0,4.0,CIN,2016PIT15,15,PIT,279,127
347,2016-12-18,2016,15,TEN,19.0,17.0,2.0,KC,2016TEN15,15,TEN,223,58
348,2016-12-19,2016,15,CAR,26.0,15.0,11.0,WAS,2016CAR15,15,CAR,198,119
349,2016-12-19,2016,15,WAS,15.0,26.0,-11.0,WAS,2016WAS15,15,WAS,270,208
350,2016-12-22,2016,16,NYG,19.0,24.0,-5.0,PHI,2016NYG16,16,NYG,180,161
351,2016-12-22,2016,16,PHI,24.0,19.0,5.0,PHI,2016PHI16,16,PHI,245,114
352,2016-12-24,2016,16,ARI,34.0,31.0,3.0,SEA,2016ARI16,16,ARI,263,84
353,2016-12-24,2016,16,ATL,33.0,16.0,17.0,CAR,2016ATL16,16,ATL,331,142
354,2016-12-24,2016,16,BUF,31.0,34.0,-3.0,BUF,2016BUF16,16,BUF,182,68
355,2016-12-24,2016,16,CAR,16.0,33.0,-17.0,CAR,2016CAR16,16,CAR,237,128
356,2016-12-24,2016,16,CHI,21.0,41.0,-20.0,CHI,2016CHI16,16,CHI,149,183
357,2016-12-24,2016,16,CIN,10.0,12.0,-2.0,HOU,2016CIN16,16,CIN,226,153
358,2016-12-24,2016,16,CLE,20.0,17.0,3.0,CLE,2016CLE16,16,CLE,232,231
359,2016-12-24,2016,16,HOU,12.0,10.0,2.0,HOU,2016HOU16,16,HOU,278,46
360,2016-12-24,2016,16,IND,25.0,33.0,-8.0,OAK,2016IND16,16,IND,321,94
361,2016-12-24,2016,16,JAX,38.0,17.0,21.0,JAX,2016JAX16,16,JAX,301,182
362,2016-12-24,2016,16,LAR,21.0,22.0,-1.0,LAR,2016LAR16,16,LAR,143,52
363,2016-12-24,2016,16,MIA,34.0,31.0,3.0,BUF,2016MIA16,16,MIA,205,75
364,2016-12-24,2016,16,MIN,25.0,38.0,-13.0,GB,2016MIN16,16,MIN,250,124
365,2016-12-24,2016,16,NYJ,3.0,41.0,-38.0,NE,2016NYJ16,16,NYJ,210,127
366,2016-12-24,2016,16,OAK,33.0,25.0,8.0,OAK,2016OAK16,16,OAK,171,57
367,2016-12-24,2016,16,SEA,31.0,34.0,-3.0,SEA,2016SEA16,16,SEA,300,87
368,2016-12-24,2016,16,TEN,17.0,38.0,-21.0,JAX,2016TEN16,16,TEN,150,103
369,2016-12-24,2016,16,WAS,41.0,21.0,20.0,CHI,2016WAS16,16,WAS,287,38
370,2016-12-25,2016,16,BAL,27.0,31.0,-4.0,PIT,2016BAL16,16,BAL,279,72
371,2016-12-25,2016,16,DEN,10.0,33.0,-23.0,KC,2016DEN16,16,DEN,206,143
372,2016-12-25,2016,16,PIT,31.0,27.0,4.0,PIT,2016PIT16,16,PIT,277,69
373,2016-12-26,2016,16,DAL,42.0,21.0,21.0,DAL,2016DAL16,16,DAL,151,69
374,2016-12-26,2016,16,DET,21.0,42.0,-21.0,DAL,2016DET16,16,DET,347,76
